participante,seg_id,bpm_watch,pred_final
2,100,51.95872248034456,63.36324857229563
2,100,50.293806612852855,63.36324857229563
2,100,49.48078284459713,63.36324857229563
2,100,49.12413128495732,63.36324857229563
2,100,49.24927667879955,63.36324857229563
2,200,54.099686988466274,63.93045685439879
2,200,52.12919736569062,63.93045685439879
2,200,50.93089142083089,63.93045685439879
2,200,50.75924026986737,63.93045685439879
2,200,50.96805867529535,63.93045685439879
2,600,83.02436172607938,66.45951745593814
2,600,74.75150661540754,66.45951745593814
2,600,67.71854380167923,66.45951745593814
2,600,63.34690870650402,66.45951745593814
2,600,61.07444022878424,66.45951745593814
5,200,75.26463412510884,78.93601563744748
5,200,73.72653855761408,78.93601563744748
5,200,73.88260281901339,78.93601563744748
5,200,74.82827949420714,78.93601563744748
5,200,75.39565576650362,78.93601563744748
5,600,85.96012964462797,80.40232856365488
5,600,85.57164940895973,80.40232856365488
5,600,84.34123631081025,80.40232856365488
5,600,83.62510607614146,80.40232856365488
5,600,83.15172992753777,80.40232856365488
5,700,89.38673147350161,80.2894791188875
5,700,87.72089331820929,80.2894791188875
5,700,86.1084108511607,80.2894791188875
5,700,86.03951306931384,80.2894791188875
5,700,87.1517211274151,80.2894791188875
5,1500,77.213799263707,89.77314824710416
5,1500,77.82647080580048,89.77314824710416
5,1500,78.43778531474074,89.77314824710416
5,1500,79.04605334948567,89.77314824710416
5,1500,79.65984925333184,89.77314824710416
6,0,67.0,67.34245269663083
6,0,67.0,67.34245269663083
6,0,67.0,67.34245269663083
6,0,67.0,67.34245269663083
6,0,67.0,67.34245269663083
6,100,66.11120117222488,66.44342433416628
6,100,66.81072256516411,66.44342433416628
6,100,68.26543295572156,66.44342433416628
6,100,69.73771569752417,66.44342433416628
6,100,70.27026371280434,66.44342433416628
6,500,61.416798267570925,68.3397333084186
6,500,61.77739510546515,68.3397333084186
6,500,63.36668107169014,68.3397333084186
6,500,65.1147949639853,68.3397333084186
6,500,66.49004219130167,68.3397333084186
6,1700,91.78046765880106,67.01009054632978
6,1700,87.44651605164336,67.01009054632978
6,1700,84.71436288934767,67.01009054632978
6,1700,83.64970268810981,67.01009054632978
6,1700,83.50697465211282,67.01009054632978
7,500,71.378026467726,82.07566535524404
7,500,71.2334785570087,82.07566535524404
7,500,72.24021354609238,82.07566535524404
7,500,74.31868821490895,82.07566535524404
7,500,75.35542080164578,82.07566535524404
7,700,78.98542949430869,80.71643771180864
7,700,78.69253560216912,80.71643771180864
7,700,78.72880894941686,80.71643771180864
7,700,78.93748956118827,80.71643771180864
7,700,79.16555458911277,80.71643771180864
7,1000,76.41932940142496,78.50933597026066
7,1000,72.75957942277323,78.50933597026066
7,1000,72.28993154810621,78.50933597026066
7,1000,72.82717683098532,78.50933597026066
7,1000,73.19893735259465,78.50933597026066
7,1600,98.1893932419938,86.64191930893065
7,1600,98.52355857494074,86.64191930893065
7,1600,98.27029331814158,86.64191930893065
7,1600,97.9047952127663,86.64191930893065
7,1600,98.2629217264801,86.64191930893065
8,0,86.0,100.5837105072246
8,0,86.0,100.5837105072246
8,0,86.0,100.5837105072246
8,0,86.0,100.5837105072246
8,0,86.0,100.5837105072246
8,200,81.34862810089474,97.08226213141555
8,200,80.70389406464317,97.08226213141555
8,200,79.51280644755343,97.08226213141555
8,200,79.85707889821106,97.08226213141555
8,200,79.8599178377168,97.08226213141555
8,400,92.09150440333778,97.87844266091402
8,400,92.17456626757912,97.87844266091402
8,400,91.74185599991768,97.87844266091402
8,400,90.77613944191953,97.87844266091402
8,400,89.28966727184527,97.87844266091402
8,700,105.62965368144268,98.22536351800446
8,700,105.08037640776642,98.22536351800446
8,700,105.0556196658642,98.22536351800446
8,700,106.23993953708964,98.22536351800446
8,700,108.22715483558127,98.22536351800446
9,200,78.52755618067384,77.77478700771427
9,200,77.43457648537378,77.77478700771427
9,200,76.90807514242279,77.77478700771427
9,200,77.50577020903172,77.77478700771427
9,200,78.81684311447722,77.77478700771427
9,300,76.6328784712722,77.63611100994599
9,300,76.82045414019314,77.63611100994599
9,300,78.38153466935651,77.63611100994599
9,300,79.87713132590815,77.63611100994599
9,300,80.50325216694324,77.63611100994599
9,1300,67.06223546560709,78.38473413526154
9,1300,67.07542951643725,78.38473413526154
9,1300,67.78068046394365,78.38473413526154
9,1300,68.51722243410168,78.38473413526154
9,1300,68.79163414358575,78.38473413526154
9,1700,107.982620709395,84.7687445429224
9,1700,105.9046617933166,84.7687445429224
9,1700,103.66922181323494,84.7687445429224
9,1700,101.87442913839828,84.7687445429224
9,1700,100.81855130463968,84.7687445429224
10,100,84.90927501901405,91.841604173863
10,100,85.99194501230727,91.841604173863
10,100,86.37630328935978,91.841604173863
10,100,86.95005817299797,91.841604173863
10,100,86.98616187799544,91.841604173863
10,500,86.56106250760874,93.5434025625229
10,500,85.70712051959264,93.5434025625229
10,500,84.72523305488356,93.5434025625229
10,500,84.22493823617053,93.5434025625229
10,500,82.56865916492173,93.5434025625229
10,1100,73.96532795917616,93.82390169867789
10,1100,73.96059486411144,93.82390169867789
10,1100,74.52122068652858,93.82390169867789
10,1100,75.18337259571273,93.82390169867789
10,1100,75.53849358506764,93.82390169867789
10,1400,80.18907003881327,92.44064055950916
10,1400,78.82197418264903,92.44064055950916
10,1400,77.8042782761514,92.44064055950916
10,1400,77.98045958014174,92.44064055950916
10,1400,79.49504786927876,92.44064055950916
11,100,98.33345206083156,95.51809136436185
11,100,97.54655432824966,95.51809136436185
11,100,96.5432822307983,95.51809136436185
11,100,95.60861104050755,95.51809136436185
11,100,94.91063047373964,95.51809136436185
11,300,96.83344869486632,99.64264823763445
11,300,96.01884753013192,99.64264823763445
11,300,95.31565730613032,99.64264823763445
11,300,92.58402771774308,99.64264823763445
11,300,92.1745436547845,99.64264823763445
11,800,94.89856194563694,95.71092192647136
11,800,93.71713650226592,95.71092192647136
11,800,92.80819082528484,95.71092192647136
11,800,92.423030743248,95.71092192647136
11,800,92.17796951200556,95.71092192647136
11,1400,80.88808557677578,96.45184311358241
11,1400,81.71976354173768,96.45184311358241
11,1400,83.93637631610358,96.45184311358241
11,1400,86.55732443828087,96.45184311358241
11,1400,86.24091807379796,96.45184311358241
12,100,93.34330678677662,94.41826541816302
12,100,91.53053933108524,94.41826541816302
12,100,90.67627123269168,94.41826541816302
12,100,91.13171472941642,94.41826541816302
12,100,92.2518087423209,94.41826541816302
12,500,95.40061017441352,92.70413373582105
12,500,93.92796953180218,92.70413373582105
12,500,92.56713441429716,92.70413373582105
12,500,91.29044118453932,92.70413373582105
12,500,91.00387617596508,92.70413373582105
12,1400,73.44826886964803,95.56401522407728
12,1400,72.00595497868277,95.56401522407728
12,1400,74.27516657965523,95.56401522407728
12,1400,78.07995740933852,95.56401522407728
12,1400,78.84775097289298,95.56401522407728
12,1500,99.5038104426637,102.15647402540729
12,1500,99.99844747503084,102.15647402540729
12,1500,100.0,102.15647402540729
12,1500,100.0,102.15647402540729
12,1500,100.0033401561248,102.15647402540729
13,700,92.41425130088608,87.11392886295629
13,700,92.27264192517188,87.11392886295629
13,700,93.38766613729072,87.11392886295629
13,700,94.92021276403815,87.11392886295629
13,700,95.7297210975643,87.11392886295629
13,1100,81.58846039269176,86.3744523620087
13,1100,78.54365718416321,86.3744523620087
13,1100,76.29126727993871,86.3744523620087
13,1100,75.20022615705216,86.3744523620087
13,1100,75.04141128806324,86.3744523620087
13,1300,79.29485276670856,86.19512649348219
13,1300,77.56525848820097,86.19512649348219
13,1300,76.34256071590241,86.19512649348219
13,1300,76.1065490218984,86.19512649348219
13,1300,76.30378817776239,86.19512649348219
13,1700,100.23114061105656,86.7895895117021
13,1700,100.77615692533092,86.7895895117021
13,1700,101.54446123413658,86.7895895117021
13,1700,102.65773558402984,86.7895895117021
13,1700,104.24515030611128,86.7895895117021
14,100,81.97914689712195,85.50659685162535
14,100,80.77912979827815,85.50659685162535
14,100,80.52560729257986,85.50659685162535
14,100,81.15594884203625,85.50659685162535
14,100,82.1442395702585,85.50659685162535
14,200,94.51953613436412,86.04084619815089
14,200,93.06724513351143,86.04084619815089
14,200,91.9426502215398,86.04084619815089
14,200,90.3440245662417,86.04084619815089
14,200,88.94750257134952,86.04084619815089
14,400,89.89391919294661,85.7391453885616
14,400,88.66264677367685,85.7391453885616
14,400,88.07230127022896,85.7391453885616
14,400,88.08831037855768,85.7391453885616
14,400,88.319882006382,85.7391453885616
14,1500,89.8529449935173,86.88461968942033
14,1500,93.2356890699048,86.88461968942033
14,1500,95.43106822245048,86.88461968942033
14,1500,97.09806658199857,86.88461968942033
14,1500,97.72922182557905,86.88461968942033
15,900,94.22938752171798,82.50840296708908
15,900,92.69693803766592,82.50840296708908
15,900,92.11993505242582,82.50840296708908
15,900,92.39852558947229,82.50840296708908
15,900,93.07542209511712,82.50840296708908
15,1100,57.31122190669207,87.24492895128154
15,1100,57.982258230473576,87.24492895128154
15,1100,58.83004168524886,87.24492895128154
15,1100,59.21089012437052,87.24492895128154
15,1100,59.50333136062168,87.24492895128154
15,1300,58.43866313848768,86.89954579051673
15,1300,56.63796093721927,86.89954579051673
15,1300,56.1064430890948,86.89954579051673
15,1300,55.73481493032914,86.89954579051673
15,1300,55.550861063228304,86.89954579051673
15,1400,68.44385579464927,83.80318186358912
15,1400,69.80450505631354,83.80318186358912
15,1400,73.37548693869279,83.80318186358912
15,1400,76.70415377526307,83.80318186358912
15,1400,77.66376652866899,83.80318186358912
16,500,73.88542659287846,74.14818332590967
16,500,74.3182900463864,74.14818332590967
16,500,75.00198514636976,74.14818332590967
16,500,75.86276604509973,74.14818332590967
16,500,76.19858860071602,74.14818332590967
16,800,81.19707390297027,74.47430242095977
16,800,79.91445200814827,74.47430242095977
16,800,79.12721294943904,74.47430242095977
16,800,78.55369405395541,74.47430242095977
16,800,77.75776109798646,74.47430242095977
16,1300,69.15033000363024,74.03905393733251
16,1300,67.47246387015174,74.03905393733251
16,1300,67.08418855192342,74.03905393733251
16,1300,67.19538793553522,74.03905393733251
16,1300,67.41369797553851,74.03905393733251
16,1400,70.32332389049016,74.66260219375884
16,1400,70.29700696732989,74.66260219375884
16,1400,70.93310927455799,74.66260219375884
16,1400,71.7761963895859,74.66260219375884
16,1400,72.60882131605646,74.66260219375884
17,700,81.67967138560046,80.47674418406518
17,700,81.98777994882494,80.47674418406518
17,700,83.2516866603455,80.47674418406518
17,700,84.40189941775748,80.47674418406518
17,700,85.78886817492447,80.47674418406518
17,1100,67.36737257602014,78.96392152289273
17,1100,65.83631088752898,78.96392152289273
17,1100,66.50543936525719,78.96392152289273
17,1100,67.06037716055242,78.96392152289273
17,1100,67.13078630399642,78.96392152289273
17,1200,78.02067875236722,80.28511079008112
17,1200,74.51714403815085,80.28511079008112
17,1200,72.98364507470814,80.28511079008112
17,1200,72.09892545345025,80.28511079008112
17,1200,71.3418848739558,80.28511079008112
17,1500,87.22232253090664,86.19608826941665
17,1500,85.43634004314225,86.19608826941665
17,1500,83.6031337082644,86.19608826941665
17,1500,82.44476039265142,86.19608826941665
17,1500,81.82652133362333,86.19608826941665
18,900,104.8999141465018,90.75295346182817
18,900,103.61279367905158,90.75295346182817
18,900,102.11088609778004,90.75295346182817
18,900,101.18342913796891,90.75295346182817
18,900,100.18454086661691,90.75295346182817
18,1200,78.75218672987187,89.49700773670622
18,1200,76.84383702990296,89.49700773670622
18,1200,76.08632150451443,89.49700773670622
18,1200,76.64955977565205,89.49700773670622
18,1200,77.96764442707502,89.49700773670622
18,1600,105.15124546094698,91.25058973065866
18,1600,105.41651691069332,91.25058973065866
18,1600,105.91226846108704,91.25058973065866
18,1600,106.71518235846516,91.25058973065866
18,1600,107.6227713640634,91.25058973065866
18,1700,104.563778199557,91.24391913605152
18,1700,105.49197380680708,91.24391913605152
18,1700,106.5178925341858,91.24391913605152
18,1700,107.3996472163634,91.24391913605152
18,1700,107.45213896082596,91.24391913605152
19,200,85.42777484714212,102.63837780452384
19,200,82.47697419253262,102.63837780452384
19,200,80.94482930439375,102.63837780452384
19,200,80.97045478676304,102.63837780452384
19,200,81.90476361962106,102.63837780452384
19,300,85.57950203725787,101.87654276210908
19,300,87.30579782523118,101.87654276210908
19,300,88.41386316287053,101.87654276210908
19,300,88.75617135128417,101.87654276210908
19,300,89.24152920779606,101.87654276210908
19,400,93.33194074269927,101.46268400327703
19,400,92.4749361861836,101.46268400327703
19,400,92.06753597207916,101.46268400327703
19,400,91.49505190622236,101.46268400327703
19,400,91.25756366696709,101.46268400327703
19,1000,98.1781158430822,103.2873918472499
19,1000,99.5473451795969,103.2873918472499
19,1000,103.0024362752964,103.2873918472499
19,1000,108.9196449296299,103.2873918472499
19,1000,114.23931073618256,103.2873918472499
20,600,82.98695638324682,80.90541651163808
20,600,82.89920211323413,80.90541651163808
20,600,82.38800643347044,80.90541651163808
20,600,82.70617641298286,80.90541651163808
20,600,84.14712991848653,80.90541651163808
20,1300,75.49697898961763,79.49590153708276
20,1300,74.91556530483872,79.49590153708276
20,1300,74.65345509010993,79.49590153708276
20,1300,74.41419862049483,79.49590153708276
20,1300,74.18109556379771,79.49590153708276
20,1400,75.16555692230983,80.73468032906706
20,1400,75.87024912400679,80.73468032906706
20,1400,77.3021910529116,80.73468032906706
20,1400,79.6117175973339,80.73468032906706
20,1400,82.30125555845822,80.73468032906706
20,1600,101.3553264384318,86.75148786512281
20,1600,101.44153984738634,86.75148786512281
20,1600,101.77469491287742,86.75148786512281
20,1600,102.42946843399112,86.75148786512281
20,1600,103.00876985767025,86.75148786512281
21,100,67.298429381899,68.63007391991631
21,100,65.45123335871345,68.63007391991631
21,100,64.85491650961178,68.63007391991631
21,100,65.3706760719225,68.63007391991631
21,100,66.40419258785798,68.63007391991631
21,400,74.72996576823196,67.66797224836642
21,400,74.67754213296489,67.66797224836642
21,400,74.56360491147805,67.66797224836642
21,400,74.13038119340871,67.66797224836642
21,400,73.25246820652812,67.66797224836642
21,800,86.08465365455264,69.22294646877617
21,800,82.85997623860578,69.22294646877617
21,800,80.65129566770612,69.22294646877617
21,800,79.6823987275491,69.22294646877617
21,800,79.69383705356421,69.22294646877617
21,1600,76.4961813120615,82.81416018342347
21,1600,81.16524650482906,82.81416018342347
21,1600,86.8361127605686,82.81416018342347
21,1600,92.31899638588813,82.81416018342347
21,1600,96.7932240249746,82.81416018342347
22,600,72.44636006107578,68.69829839290722
22,600,70.45120250156947,68.69829839290722
22,600,69.97677661515934,68.69829839290722
22,600,70.64811456389242,68.69829839290722
22,600,71.28437034825741,68.69829839290722
22,700,72.21347151281594,69.89095205118402
22,700,72.37767502704224,69.89095205118402
22,700,72.87620697506578,69.89095205118402
22,700,73.52693622989571,69.89095205118402
22,700,74.55771287053192,69.89095205118402
22,1200,66.50932132396497,68.54612024579684
22,1200,61.82226798581636,68.54612024579684
22,1200,56.921746578361045,68.54612024579684
22,1200,54.30939925924524,68.54612024579684
22,1200,53.5110968818908,68.54612024579684
22,1400,65.56052582810968,72.36078678080212
22,1400,66.09395830073913,72.36078678080212
22,1400,67.22424869960521,72.36078678080212
22,1400,68.93262890830184,72.36078678080212
22,1400,69.21039826787396,72.36078678080212
23,100,98.43305552810818,93.1828741151158
23,100,97.06040265147304,93.1828741151158
23,100,97.54488471462612,93.1828741151158
23,100,98.81319932256426,93.1828741151158
23,100,100.79410936512473,93.1828741151158
23,300,102.9567523868569,94.6777654203863
23,300,102.4888631383062,94.6777654203863
23,300,101.25535267854666,94.6777654203863
23,300,100.1992235959866,94.6777654203863
23,300,100.44072970758788,94.6777654203863
23,1300,74.42148908642461,91.95680743306004
23,1300,73.82479952424121,91.95680743306004
23,1300,74.02156028788842,91.95680743306004
23,1300,74.45259785590233,91.95680743306004
23,1300,74.91962055540704,91.95680743306004
23,1700,119.92776473321956,102.32329175768443
23,1700,118.63840952910388,102.32329175768443
23,1700,117.05889047079788,102.32329175768443
23,1700,115.93751983374229,102.32329175768443
23,1700,114.78024729639937,102.32329175768443
24,100,98.40061771745803,95.40532852869906
24,100,96.1331286495382,95.40532852869906
24,100,94.33101041420196,95.40532852869906
24,100,94.66791791317269,95.40532852869906
24,100,95.63223999537428,95.40532852869906
24,600,102.38668787857844,92.71237240099649
24,600,103.26521341934864,92.71237240099649
24,600,103.88165253798168,92.71237240099649
24,600,104.15989579318406,92.71237240099649
24,600,103.76107381779546,92.71237240099649
24,900,105.53676372922034,92.89026613655456
24,900,103.90209211353618,92.89026613655456
24,900,101.95833076419252,92.89026613655456
24,900,99.7292570580652,92.89026613655456
24,900,97.42036758133324,92.89026613655456
24,1300,84.8522905708266,93.71990959420764
24,1300,84.31215861184256,93.71990959420764
24,1300,83.81865211833606,93.71990959420764
24,1300,83.33600505750417,93.71990959420764
24,1300,83.02156489140167,93.71990959420764
25,100,78.37394758065541,80.70702264562684
25,100,78.50351033768096,80.70702264562684
25,100,79.14620127574706,80.70702264562684
25,100,79.90870964960618,80.70702264562684
25,100,80.68807400408245,80.70702264562684
25,900,86.20909470868487,88.87306456757752
25,900,83.5950859684965,88.87306456757752
25,900,82.84342398406108,88.87306456757752
25,900,83.68813188581755,88.87306456757752
25,900,84.54971679629702,88.87306456757752
25,1200,67.21949392108174,79.51706876924854
25,1200,64.50829492151996,79.51706876924854
25,1200,62.44133659719905,79.51706876924854
25,1200,62.58794236348306,79.51706876924854
25,1200,62.66174488653352,79.51706876924854
25,1400,68.7316873562316,81.275271921274
25,1400,69.39624348948594,81.275271921274
25,1400,72.01918000155148,81.275271921274
25,1400,74.10187090240197,81.275271921274
25,1400,73.9843980362805,81.275271921274
26,0,92.0,86.73974798579275
26,0,92.0,86.73974798579275
26,0,92.0,86.73974798579275
26,0,92.0,86.73974798579275
26,0,92.0,86.73974798579275
26,300,83.71574407878894,81.92325695299795
26,300,85.19011649951274,81.92325695299795
26,300,86.99754613756616,81.92325695299795
26,300,87.4474160858047,81.92325695299795
26,300,88.31203263539103,81.92325695299795
26,400,85.62568439357348,82.93309085436384
26,400,82.42755765326612,82.93309085436384
26,400,80.95971562511478,82.93309085436384
26,400,80.64376447149169,82.93309085436384
26,400,80.65555466588957,82.93309085436384
26,800,99.8287341206006,82.27645519776026
26,800,97.0906310799834,82.27645519776026
26,800,94.41199494966698,82.27645519776026
26,800,93.33749468016931,82.27645519776026
26,800,93.8385572937144,82.27645519776026
27,1300,80.11508176164195,97.92373742316525
27,1300,78.89286874315955,97.92373742316525
27,1300,77.63184139659755,97.92373742316525
27,1300,77.0785689451797,97.92373742316525
27,1300,76.61158133437756,97.92373742316525
27,1400,81.00881325780888,100.84546104924836
27,1400,81.31451967309563,100.84546104924836
27,1400,82.67228174199275,100.84546104924836
27,1400,84.27728875861993,100.84546104924836
27,1400,84.40995990273386,100.84546104924836
27,1500,86.27840375241779,99.95649301354158
27,1500,90.82965699470404,99.95649301354158
27,1500,95.46962351241667,99.95649301354158
27,1500,99.7465034141169,99.95649301354158
27,1500,103.63899875120684,99.95649301354158
27,1700,125.72084765130651,99.61868285711728
27,1700,125.58869990020088,99.61868285711728
27,1700,123.234502182172,99.61868285711728
27,1700,120.4199429627621,99.61868285711728
27,1700,118.07475994758276,99.61868285711728
28,400,95.76715764638148,92.4966187610082
28,400,92.2363507183083,92.4966187610082
28,400,89.69681860894866,92.4966187610082
28,400,88.82527756752907,92.4966187610082
28,400,88.19774513858736,92.4966187610082
28,800,94.876733995853,88.2688059012846
28,800,94.07865258078556,88.2688059012846
28,800,93.70442065511428,88.2688059012846
28,800,93.80139027281756,88.2688059012846
28,800,94.24504263524112,88.2688059012846
28,1400,85.58950725263165,89.14672604304019
28,1400,86.68080390242787,89.14672604304019
28,1400,87.59430956656283,89.14672604304019
28,1400,88.5043880534146,89.14672604304019
28,1400,89.48398985189885,89.14672604304019
28,1500,99.29384944763191,88.1308260028513
28,1500,101.76858540799196,88.1308260028513
28,1500,103.08881850252936,88.1308260028513
28,1500,102.19529800621464,88.1308260028513
28,1500,99.54230873915024,88.1308260028513
29,100,76.6506954487268,85.26994933399835
29,100,76.66810294405207,85.26994933399835
29,100,76.90194984080986,85.26994933399835
29,100,77.90528539475942,85.26994933399835
29,100,78.86958924196499,85.26994933399835
29,200,79.4146866402386,84.39312340668121
29,200,80.56902928474501,84.39312340668121
29,200,81.756755080574,84.39312340668121
29,200,82.2199921680219,84.39312340668121
29,200,83.22759713738137,84.39312340668121
29,800,102.01344250058712,91.96222343713748
29,800,101.22718964520988,91.96222343713748
29,800,102.42740355146913,91.96222343713748
29,800,104.5007974859956,91.96222343713748
29,800,106.5608976994336,91.96222343713748
29,1700,100.39839645436255,93.25792586647012
29,1700,100.19051312002894,93.25792586647012
29,1700,100.7862279784402,93.25792586647012
29,1700,101.70988863610344,93.25792586647012
29,1700,102.88900557916878,93.25792586647012
30,0,111.0,105.41987249673176
30,0,111.0,105.41987249673176
30,0,111.0,105.41987249673176
30,0,111.0,105.41987249673176
30,0,111.0,105.41987249673176
30,400,111.70181728513728,109.11693331647378
30,400,110.3134616055014,109.11693331647378
30,400,109.18469748373155,109.11693331647378
30,400,108.61492875086796,109.11693331647378
30,400,109.02213636914009,109.11693331647378
30,1000,84.25191974725628,100.65558091176831
30,1000,83.00391549578993,100.65558091176831
30,1000,82.657934696953,100.65558091176831
30,1000,82.88876234421997,100.65558091176831
30,1000,83.33033636266538,100.65558091176831
30,1100,83.77787788158716,100.63141899083527
30,1100,82.44690456475044,100.63141899083527
30,1100,81.64121846680031,100.63141899083527
30,1100,81.14771197329381,100.63141899083527
30,1100,80.79260353750226,100.63141899083527
31,200,86.6833664661707,92.89389746972225
31,200,85.83475448393717,92.89389746972225
31,200,85.01476913004211,92.89389746972225
31,200,84.57232971026268,92.89389746972225
31,200,85.04791298389674,92.89389746972225
31,300,96.24268841422226,93.9478361358194
31,300,95.6790692466678,93.9478361358194
31,300,96.33424633798144,93.9478361358194
31,300,96.52839999611756,93.9478361358194
31,300,96.74024271779248,93.9478361358194
31,600,104.82590129116636,92.38057027298812
31,600,104.5994978304033,92.38057027298812
31,600,103.57795277550107,92.38057027298812
31,600,102.93451489979054,92.38057027298812
31,600,102.32125452514332,92.38057027298812
31,1500,88.36757170916636,101.90238873211976
31,1500,90.81692106899244,101.90238873211976
31,1500,92.78227537689789,101.90238873211976
31,1500,93.77559890984456,101.90238873211976
31,1500,93.7716853856493,101.90238873211976
32,100,62.31813703749603,66.9784491891158
32,100,60.450349640846255,66.9784491891158
32,100,59.439183795623705,66.9784491891158
32,100,59.03930818647884,66.9784491891158
32,100,59.02286905399526,66.9784491891158
32,1000,65.85598950386047,64.5232310763936
32,1000,61.33076929344244,64.5232310763936
32,1000,57.95256884913425,64.5232310763936
32,1000,56.40822806523475,64.5232310763936
32,1000,56.13027525505461,64.5232310763936
32,1300,56.96775935511569,71.77833513670907
32,1300,55.98604626738148,71.77833513670907
32,1300,55.08386592483109,71.77833513670907
32,1300,54.40241287239702,71.77833513670907
32,1300,54.08885227806592,71.77833513670907
32,1400,59.87449530702639,64.25866780936015
32,1400,59.422867980261394,64.25866780936015
32,1400,61.15255075780032,64.25866780936015
32,1400,64.74111938919495,64.25866780936015
32,1400,68.01510234535863,64.25866780936015
33,200,89.08219698228876,104.61327702918948
33,200,86.91949955354005,104.61327702918948
33,200,88.91147552083582,104.61327702918948
33,200,93.99541996980642,104.61327702918948
33,200,100.2857236571126,104.61327702918948
33,700,115.7918451009891,104.82674041439957
33,700,115.53058148617352,104.82674041439957
33,700,115.66802001484544,104.82674041439957
33,700,115.82511626817448,104.82674041439957
33,700,115.49110270296512,104.82674041439957
33,800,105.208363305129,105.11956358480488
33,800,106.32691323612676,105.11956358480488
33,800,109.61086151187035,105.11956358480488
33,800,113.73866607812576,105.11956358480488
33,800,116.6508327764522,105.11956358480488
33,1400,100.40819204628944,113.34687637674021
33,1400,100.12663325687052,113.34687637674021
33,1400,100.74422333572176,113.34687637674021
33,1400,102.0162985126037,113.34687637674021
33,1400,102.83759526233356,113.34687637674021
34,500,87.18713494671715,85.3802134171702
34,500,85.15760840998067,85.3802134171702
34,500,84.36940095022128,85.3802134171702
34,500,84.98195380101473,85.3802134171702
34,500,85.9253425145046,85.3802134171702
34,1000,80.79910536119107,86.46313288425964
34,1000,77.58571579394402,86.46313288425964
34,1000,75.59909830175951,86.46313288425964
34,1000,74.659435447986,86.46313288425964
34,1000,73.92724347784682,86.46313288425964
34,1500,88.46153182983397,94.53310365310216
34,1500,90.18086302270106,94.53310365310216
34,1500,91.86069422624844,94.53310365310216
34,1500,93.31654791491373,94.53310365310216
34,1500,94.790980318408,94.53310365310216
34,1600,113.72935472676936,86.29148595202011
34,1600,121.26981705580268,86.29148595202011
34,1600,128.73998225509345,86.29148595202011
34,1600,134.3954378846404,86.29148595202011
34,1600,137.9414931626547,86.29148595202011
35,300,107.97402038669748,98.59100136500203
35,300,110.19319183052362,98.59100136500203
35,300,111.51203843659653,98.59100136500203
35,300,111.02547375030846,98.59100136500203
35,300,110.3401887568964,98.59100136500203
35,500,93.51910442488531,97.18256385957213
35,500,93.43214026601798,97.18256385957213
35,500,94.3744456855766,97.18256385957213
35,500,95.69434476198056,97.18256385957213
35,500,96.596390646582,97.18256385957213
35,600,110.5475820844751,96.66403240255116
35,600,112.64172744579152,96.66403240255116
35,600,113.77807987510384,96.66403240255116
35,600,112.8725583550218,96.66403240255116
35,600,112.00307880421995,96.66403240255116
35,1600,113.0677940385166,105.77091788666289
35,1600,119.66002053388787,105.77091788666289
35,1600,126.92087808522312,105.77091788666289
35,1600,133.5306781848272,105.77091788666289
35,1600,138.12982091996577,105.77091788666289
36,1100,80.46381329376904,96.64391558619597
36,1100,78.64835597855685,96.64391558619597
36,1100,78.34696906486096,96.64391558619597
36,1100,78.69930581103137,96.64391558619597
36,1100,79.1870291242486,96.64391558619597
36,1300,82.6321869863576,96.76738587889864
36,1300,82.29515350143629,96.76738587889864
36,1300,82.63649513607935,96.76738587889864
36,1300,82.62730700876806,96.76738587889864
36,1300,82.38360506017284,96.76738587889864
36,1400,76.50138421488391,97.80706249968468
36,1400,78.4508251835387,97.80706249968468
36,1400,83.65758966578528,97.80706249968468
36,1400,89.8299421776279,97.80706249968468
36,1400,95.46859997732462,97.80706249968468
36,1500,104.22821120737892,109.160262377496
36,1500,102.16422467964551,109.160262377496
36,1500,101.92320585990544,109.160262377496
36,1500,102.18191508773252,109.160262377496
36,1500,102.42866833448576,109.160262377496
37,900,74.45072474876008,70.61614977925423
37,900,76.05971495547853,70.61614977925423
37,900,76.89490081892384,70.61614977925423
37,900,76.8748225319437,70.61614977925423
37,900,76.53490843994054,70.61614977925423
37,1200,77.04712316898605,74.3971540070082
37,1200,74.67887340747949,74.3971540070082
37,1200,73.19905819820634,74.3971540070082
37,1200,72.31869234471095,74.3971540070082
37,1200,71.85511350972311,74.3971540070082
37,1400,69.0566441483017,72.03166256603737
37,1400,69.5407752652189,72.03166256603737
37,1400,71.13291707234981,72.03166256603737
37,1400,73.03951548177957,72.03166256603737
37,1400,74.30712718258216,72.03166256603737
37,1700,90.35455159852,82.29239926499903
37,1700,95.14013688264988,82.29239926499903
37,1700,97.72878710955251,82.29239926499903
37,1700,96.09799212057354,82.29239926499903
37,1700,92.51675059475424,82.29239926499903
38,100,85.87846933938725,89.15689509070855
38,100,86.54494961402116,89.15689509070855
38,100,87.51666955483424,89.15689509070855
38,100,88.54158413286333,89.15689509070855
38,100,88.90945397803793,89.15689509070855
38,600,93.21050309670436,89.66576223462702
38,600,90.4768449745137,89.66576223462702
38,600,89.16692380564552,89.66576223462702
38,600,90.8695367362076,89.66576223462702
38,600,94.81162372853332,89.66576223462702
38,900,110.96740970463637,91.840791416434
38,900,111.23456264409154,91.840791416434
38,900,109.9984188660915,91.840791416434
38,900,108.32619939469672,91.840791416434
38,900,106.8391761474279,91.840791416434
38,1000,72.03429873390277,88.68821537501958
38,1000,67.80121082599028,88.68821537501958
38,1000,65.68736055475293,88.68821537501958
38,1000,64.65679809015035,88.68821537501958
38,1000,63.8826204769539,88.68821537501958
39,100,97.79078734112515,94.89636410139276
39,100,97.99107631949592,94.89636410139276
39,100,96.74926181871652,94.89636410139276
39,100,95.27270574136216,94.89636410139276
39,100,94.35956839679125,94.89636410139276
39,500,92.47989581403348,95.56953126604988
39,500,89.78888326873086,95.56953126604988
39,500,85.71327766381918,95.56953126604988
39,500,80.99278519432885,95.56953126604988
39,500,78.09548637878584,95.56953126604988
39,700,98.14324734448354,94.38247156923272
39,700,97.40913605339084,94.38247156923272
39,700,96.61417586421554,94.38247156923272
39,700,96.92599457569452,94.38247156923272
39,700,97.41975639650032,94.38247156923272
39,1200,91.76542730688256,94.70790401681506
39,1200,92.88481944401454,94.70790401681506
39,1200,91.60906472360932,94.70790401681506
39,1200,87.96592008706295,94.70790401681506
39,1200,84.42607529675978,94.70790401681506
40,500,88.03506959692224,88.25617056187741
40,500,88.53375054661504,88.25617056187741
40,500,87.81051411587438,88.25617056187741
40,500,86.4645611032263,88.25617056187741
40,500,84.53558492578846,88.25617056187741
40,1100,58.6408711176414,86.30140735914799
40,1100,57.25141926864525,86.30140735914799
40,1100,56.41060577316201,86.30140735914799
40,1100,56.12721286274138,86.30140735914799
40,1100,56.41472643613447,86.30140735914799
40,1200,82.43301114355403,86.25538495643073
40,1200,82.31681118191806,86.25538495643073
40,1200,77.94971321581669,86.25538495643073
40,1200,71.77319725078846,86.25538495643073
40,1200,65.7438155392332,86.25538495643073
40,1600,100.94726949089018,94.04396512229972
40,1600,104.0078724017563,94.04396512229972
40,1600,107.16391758567843,94.04396512229972
40,1600,110.0523966775828,94.04396512229972
40,1600,113.18878629868163,94.04396512229972
41,0,106.0,112.07392967075782
41,0,106.0,112.07392967075782
41,0,106.0,112.07392967075782
41,0,106.0,112.07392967075782
41,0,106.0,112.07392967075782
41,300,116.64592547974028,110.78336189236072
41,300,116.69365074500378,110.78336189236072
41,300,116.98703333619352,110.78336189236072
41,300,117.10717966102416,110.78336189236072
41,300,116.7498018314312,110.78336189236072
41,600,127.8000238874774,109.10086944739585
41,600,127.67742060541592,109.10086944739585
41,600,126.93573963611158,109.10086944739585
41,600,126.72694059780666,109.10086944739585
41,600,127.3022217317061,109.10086944739585
41,1100,87.04981510203919,109.76889645946399
41,1100,85.23813383135753,109.76889645946399
41,1100,84.54879473639049,109.76889645946399
41,1100,84.64747630067005,109.76889645946399
41,1100,84.83299364090796,109.76889645946399
42,0,65.0,66.36033039683548
42,0,65.0,66.36033039683548
42,0,65.0,66.36033039683548
42,0,65.0,66.36033039683548
42,0,65.0,66.36033039683548
42,400,69.53751289675934,66.38537524618341
42,400,68.58681680271981,66.38537524618341
42,400,68.24074977713747,66.38537524618341
42,400,67.91003016434708,66.38537524618341
42,400,67.40090112066888,66.38537524618341
42,900,84.20225504374454,68.5957625204301
42,900,81.06201044940329,68.5957625204301
42,900,80.81472178320865,68.5957625204301
42,900,81.69669999415741,68.5957625204301
42,900,82.845212830816,68.5957625204301
42,1400,57.0,69.42654962144353
42,1400,57.0,69.42654962144353
42,1400,57.0,69.42654962144353
42,1400,57.0,69.42654962144353
42,1400,57.0,69.42654962144353
43,500,82.63259818440392,82.23607325011258
43,500,78.56180920889882,82.23607325011258
43,500,75.62792565432352,82.23607325011258
43,500,73.6036162019392,82.23607325011258
43,500,72.49077906223265,82.23607325011258
43,1000,79.86481846656118,81.01047583534853
43,1000,78.6474288718525,81.01047583534853
43,1000,77.32873558894894,81.01047583534853
43,1000,75.74056111878646,81.01047583534853
43,1000,73.8810296350537,81.01047583534853
43,1500,92.27742031577247,82.60685174398188
43,1500,90.7469671920371,82.60685174398188
43,1500,89.3840651718569,82.60685174398188
43,1500,88.75278774092206,82.60685174398188
43,1500,88.23693062674258,82.60685174398188
43,1600,93.26720473116094,89.85082483788148
43,1600,97.4792794450537,89.85082483788148
43,1600,104.37437524496218,89.85082483788148
43,1600,110.24904929673002,89.85082483788148
43,1600,115.19505897497204,89.85082483788148
44,100,86.98209156205644,88.32782004850918
44,100,87.08388913575705,88.32782004850918
44,100,86.81968981043084,88.32782004850918
44,100,87.02879049416745,88.32782004850918
44,100,87.60854000573035,88.32782004850918
44,700,95.62534878948894,87.85062225757994
44,700,96.06173636572704,87.85062225757994
44,700,95.90783451914272,87.85062225757994
44,700,96.78802313009898,87.85062225757994
44,700,99.61420435969966,87.85062225757994
44,1200,76.11281381381579,87.97133594501886
44,1200,76.17772941375394,87.97133594501886
44,1200,76.08734101330565,87.97133594501886
44,1200,76.33679460003262,87.97133594501886
44,1200,76.8097570566646,87.97133594501886
44,1700,99.49762367317888,97.4455892838201
44,1700,99.08781072205797,97.4455892838201
44,1700,98.99209535173524,97.4455892838201
44,1700,99.28892069378972,97.4455892838201
44,1700,100.06943298067364,97.4455892838201
45,100,97.77497260353782,94.5883376117984
45,100,95.30840074056154,94.5883376117984
45,100,93.23104770039068,94.5883376117984
45,100,91.71338469001635,94.5883376117984
45,100,90.9178387680864,94.5883376117984
45,300,103.66440148997911,96.7026364576331
45,300,103.6492950001394,96.7026364576331
45,300,103.57120447850332,96.7026364576331
45,300,103.87756704169436,96.7026364576331
45,300,103.56953406591953,96.7026364576331
45,900,114.00405634100152,97.12847914480503
45,900,111.53984280427382,97.12847914480503
45,900,110.19955798966694,97.12847914480503
45,900,110.92408371368316,97.12847914480503
45,900,112.23165419285844,97.12847914480503
45,1100,75.11531593732505,94.4395965896975
45,1100,73.93016115431983,94.4395965896975
45,1100,74.77610976294311,94.4395965896975
45,1100,76.62791809953957,94.4395965896975
45,1100,78.56768172046112,94.4395965896975
46,0,84.0,87.17586046998177
46,0,84.0,87.17586046998177
46,0,84.0,87.17586046998177
46,0,84.0,87.17586046998177
46,0,84.0,87.17586046998177
46,200,88.56720406082802,86.6507009085248
46,200,89.94914306283512,86.6507009085248
46,200,91.0042961474621,86.6507009085248
46,200,91.71160487901597,86.6507009085248
46,200,92.3448267340144,86.6507009085248
46,1200,82.35886984987503,89.05110212228485
46,1200,81.55098311913794,89.05110212228485
46,1200,82.6649802477329,89.05110212228485
46,1200,84.39583970230898,89.05110212228485
46,1200,85.5574491203812,89.05110212228485
46,1700,92.77563328587392,93.16563538860335
46,1700,94.99164920554466,93.16563538860335
46,1700,96.83051604956589,93.16563538860335
46,1700,97.86950439996431,93.16563538860335
46,1700,98.816073889753,93.16563538860335
47,600,85.98731287692016,84.27094316739303
47,600,84.33140674184409,84.27094316739303
47,600,82.91226991461468,84.27094316739303
47,600,82.82503134399263,84.27094316739303
47,600,82.17051751345267,84.27094316739303
47,700,83.92011964878478,76.94516386504912
47,700,83.13146688225983,76.94516386504912
47,700,82.88226235439252,76.94516386504912
47,700,83.06617347399394,76.94516386504912
47,700,83.70256657868754,76.94516386504912
47,900,81.73779547900864,75.94561542816268
47,900,79.40254136494228,75.94561542816268
47,900,79.59684362721133,75.94561542816268
47,900,81.40759027943467,75.94561542816268
47,900,82.76230899926387,75.94561542816268
47,1200,71.66695443499587,78.15392770474106
47,1200,70.9826515082157,78.15392770474106
47,1200,71.4543311383301,78.15392770474106
47,1200,72.2039396298396,78.15392770474106
47,1200,72.21436546581648,78.15392770474106
48,300,98.39496262512164,86.11987280760812
48,300,98.66121773141803,86.11987280760812
48,300,99.11762209382408,86.11987280760812
48,300,99.63327463911726,86.11987280760812
48,300,99.87825431792766,86.11987280760812
48,800,91.44471693374378,86.96312072082031
48,800,91.2472191001946,86.96312072082031
48,800,90.72162791691818,86.96312072082031
48,800,89.8540539623855,86.96312072082031
48,800,89.27643280964404,86.96312072082031
48,1400,88.66781457884112,90.30524640049022
48,1400,86.40846177684872,90.30524640049022
48,1400,85.30132241796106,90.30524640049022
48,1400,85.9336870547497,90.30524640049022
48,1400,87.60580706266099,90.30524640049022
48,1700,116.46109131690012,96.17112096413642
48,1700,115.76838757531324,96.17112096413642
48,1700,115.2717381557587,96.17112096413642
48,1700,115.61038674644936,96.17112096413642
48,1700,116.7751899546586,96.17112096413642
49,300,75.06925295307522,71.10877371600132
49,300,76.30838806649824,71.10877371600132
49,300,78.61652161682838,71.10877371600132
49,300,80.00424189392105,71.10877371600132
49,300,80.49773119951223,71.10877371600132
49,700,77.75675004647465,70.82351390212085
49,700,75.43413507308794,70.82351390212085
49,700,73.63003250510144,70.82351390212085
49,700,73.32870325071987,70.82351390212085
49,700,74.69505975212024,70.82351390212085
49,900,82.31672541919725,70.80846215957563
49,900,81.87773091627923,70.80846215957563
49,900,80.31997995717185,70.80846215957563
49,900,78.2965258979178,70.80846215957563
49,900,76.80340051217512,70.80846215957563
49,1600,102.85172495246792,79.9655949469583
49,1600,106.8342662369534,79.9655949469583
49,1600,109.80674401299778,79.9655949469583
49,1600,111.80961968640744,79.9655949469583
49,1600,113.68946732690324,79.9655949469583
50,700,105.80802326646202,97.79252130238126
50,700,103.2280535212843,97.79252130238126
50,700,101.97201558428924,97.79252130238126
50,700,102.35716340304454,97.79252130238126
50,700,103.60625173821936,97.79252130238126
50,1100,73.9483569795435,95.70799867471676
50,1100,71.010335528681,95.70799867471676
50,1100,68.28478462501448,95.70799867471676
50,1100,68.3225651657574,95.70799867471676
50,1100,69.56132723687973,95.70799867471676
50,1200,84.45300192606436,96.3720799122062
50,1200,81.0340445135579,96.3720799122062
50,1200,77.80172278261804,96.3720799122062
50,1200,76.14539022848204,96.3720799122062
50,1200,75.36710421130773,96.3720799122062
50,1500,98.18511520577717,102.38117850740683
50,1500,100.01416098214848,102.38117850740683
50,1500,101.93197854184486,102.38117850740683
50,1500,103.77082316421324,102.38117850740683
50,1500,105.8052311378812,102.38117850740683
51,300,77.33695525813411,73.64492277864434
51,300,79.6298826348317,73.64492277864434
51,300,82.21221482020951,73.64492277864434
51,300,85.29741556097419,73.64492277864434
51,300,87.01443117428653,73.64492277864434
51,800,83.26758266944073,75.02583528589075
51,800,82.31591213950544,75.02583528589075
51,800,81.97154845317917,75.02583528589075
51,800,82.73473195166689,75.02583528589075
51,800,84.31151041107803,75.02583528589075
51,1100,66.33042268904428,73.82633276839455
51,1100,65.45195176880081,73.82633276839455
51,1100,65.35004252768182,73.82633276839455
51,1100,65.62621021012723,73.82633276839455
51,1100,65.76718996434964,73.82633276839455
51,1700,95.74536737541642,89.88217677815203
51,1700,92.263326101084,89.88217677815203
51,1700,90.02631265320612,89.88217677815203
51,1700,88.76100365720295,89.88217677815203
51,1700,88.04253432547272,89.88217677815203
52,0,77.0,78.08289712236625
52,0,77.0,78.08289712236625
52,0,77.0,78.08289712236625
52,0,77.0,78.08289712236625
52,0,77.0,78.08289712236625
52,300,75.92346224484562,75.76570437369651
52,300,76.33424671831584,75.76570437369651
52,300,76.81434524905629,75.76570437369651
52,300,78.68808032816106,75.76570437369651
52,300,79.9581858126116,75.76570437369651
52,1100,60.81155326411149,77.59510419087054
52,1100,59.77438910105528,77.59510419087054
52,1100,59.24597484585526,77.59510419087054
52,1100,59.778873120190255,77.59510419087054
52,1100,59.95917523615498,77.59510419087054
52,1500,81.48531272421667,93.05880460569493
52,1500,81.66905627993795,93.05880460569493
52,1500,81.91842542024918,93.05880460569493
52,1500,82.67678254796311,93.05880460569493
52,1500,83.79867638446828,93.05880460569493
53,1000,85.72509847492368,87.45173055683428
53,1000,78.53579282440666,87.45173055683428
53,1000,73.1296276260764,87.45173055683428
53,1000,68.89599689105889,87.45173055683428
53,1000,67.1667015545296,87.45173055683428
53,1200,69.88113261920549,87.66931026923868
53,1200,68.38257837336818,87.66931026923868
53,1200,67.31837812460863,87.66931026923868
53,1200,66.75701039838584,87.66931026923868
53,1200,66.27234902464467,87.66931026923868
53,1400,66.94978875671416,89.56884603617112
53,1400,66.25894439086099,89.56884603617112
53,1400,66.73081880657902,89.56884603617112
53,1400,67.80193241542791,89.56884603617112
53,1400,69.03569864919415,89.56884603617112
53,1600,101.2344014617983,102.21670630275788
53,1600,104.34414927716092,102.21670630275788
53,1600,108.03453288991248,102.21670630275788
53,1600,110.6982839558774,102.21670630275788
53,1600,112.72658503487229,102.21670630275788
54,1100,68.50259093003184,82.86461129425432
54,1100,66.84829358252956,82.86461129425432
54,1100,65.98150325832945,82.86461129425432
54,1100,65.38097280568375,82.86461129425432
54,1100,64.5234906462364,82.86461129425432
54,1300,70.49646908231628,83.48075117983937
54,1300,70.19903233639606,83.48075117983937
54,1300,70.18528235092822,83.48075117983937
54,1300,70.56120566289664,83.48075117983937
54,1300,70.67864283260148,83.48075117983937
54,1600,94.9706853533878,96.56006711779132
54,1600,102.79763190271534,96.56006711779132
54,1600,112.59930005507034,96.56006711779132
54,1600,121.87965383343884,96.56006711779132
54,1600,128.11696693425915,96.56006711779132
55,600,104.7530533479922,91.09267013507262
55,600,102.23174359850036,91.09267013507262
55,600,101.85203158834794,91.09267013507262
55,600,102.31640302051196,91.09267013507262
55,600,102.26416487291264,91.09267013507262
55,700,99.98080766293909,93.16231842069958
55,700,99.63601940483242,93.16231842069958
55,700,100.46029102802277,93.16231842069958
55,700,101.56773511382924,93.16231842069958
55,700,102.5289907720698,93.16231842069958
55,1300,79.70465134199894,92.58641924709124
55,1300,77.08155931105347,92.58641924709124
55,1300,75.97666004911648,92.58641924709124
55,1300,76.14765375775177,92.58641924709124
55,1300,76.81810254369465,92.58641924709124
55,1700,99.3472246638474,99.6287042829799
55,1700,100.43081248487744,99.6287042829799
55,1700,102.23706594287576,99.6287042829799
55,1700,103.6014950822442,99.6287042829799
55,1700,104.85182729944006,99.6287042829799
56,200,100.1460821430168,94.3541692938577
56,200,98.88728027010264,94.3541692938577
56,200,98.00697563651208,94.3541692938577
56,200,97.50399916922262,94.3541692938577
56,200,97.22110431438657,94.3541692938577
56,400,101.20624986866336,93.99856264645739
56,400,96.38571763722462,93.99856264645739
56,400,94.43645277972055,93.99856264645739
56,400,93.8316219031472,93.99856264645739
56,400,94.37986276520505,93.99856264645739
56,600,102.3412709163484,94.26603771599648
56,600,99.01769346850256,94.26603771599648
56,600,96.35680148880203,94.26603771599648
56,600,95.12238369715097,94.26603771599648
56,600,95.2271362910422,94.26603771599648
56,1700,124.51273878881555,96.32906095425074
56,1700,119.5671505087898,96.32906095425074
56,1700,116.93413811122184,96.32906095425074
56,1700,116.41513116184252,96.32906095425074
56,1700,117.08183242954732,96.32906095425074
57,0,85.0,86.20276173697377
57,0,85.0,86.20276173697377
57,0,85.0,86.20276173697377
57,0,85.0,86.20276173697377
57,0,85.0,86.20276173697377
57,300,89.46908210318556,87.71724106554484
57,300,90.95467979367356,87.71724106554484
57,300,92.05315014263252,87.71724106554484
57,300,92.79128584830792,87.71724106554484
57,300,92.99800477064016,87.71724106554484
57,1000,90.06310037230575,83.09184094092487
57,1000,88.07915121440429,83.09184094092487
57,1000,84.19846726111466,83.09184094092487
57,1000,79.50579039379186,83.09184094092487
57,1000,75.13712382987464,83.09184094092487
57,1200,72.54474843154318,84.30668491671824
57,1200,71.47526833298818,84.30668491671824
57,1200,70.16865371759836,84.30668491671824
57,1200,69.38856953769535,84.30668491671824
57,1200,69.54707606550934,84.30668491671824
58,800,70.86723530803408,65.63211383823474
58,800,69.89080480455837,65.63211383823474
58,800,70.2066348832407,65.63211383823474
58,800,71.7584958776251,65.63211383823474
58,800,73.73252185165109,65.63211383823474
58,1200,65.1570662162688,63.39803231508777
58,1200,62.72493565361221,63.39803231508777
58,1200,59.94357667929166,63.39803231508777
58,1200,57.15643515710707,63.39803231508777
58,1200,54.616212200164426,63.39803231508777
58,1500,73.70464258889615,64.36927366594105
58,1500,71.83404169805121,64.36927366594105
58,1500,70.22622753252713,64.36927366594105
58,1500,68.67256665188512,64.36927366594105
58,1500,66.94439744594982,64.36927366594105
59,400,84.22684282816162,77.22955596320867
59,400,82.37361314761175,77.22955596320867
59,400,80.73881426352959,77.22955596320867
59,400,79.6969683442797,77.22955596320867
59,400,78.70995535726671,77.22955596320867
59,700,84.17533297521558,77.38740522239758
59,700,83.83021031612957,77.38740522239758
59,700,85.25502108639968,77.38740522239758
59,700,87.51022105681433,77.38740522239758
59,700,88.34389088829874,77.38740522239758
59,1500,92.87445932342892,79.8133750483535
59,1500,93.41811714543924,79.8133750483535
59,1500,93.6395906967518,79.8133750483535
59,1500,93.66970686169414,79.8133750483535
59,1500,93.5074635494323,79.8133750483535
59,1700,80.76901558957574,83.59479876142832
59,1700,80.99954501860067,83.59479876142832
59,1700,81.42825874374027,83.59479876142832
59,1700,82.04807602399357,83.59479876142832
59,1700,82.78615105079882,83.59479876142832
60,600,84.67999763369045,82.10879552807748
60,600,85.2112730831295,82.10879552807748
60,600,85.8771897844422,82.10879552807748
60,600,86.53215965027415,82.10879552807748
60,600,87.02905399270387,82.10879552807748
60,1000,77.56119232105486,83.37054004929544
60,1000,76.1841487987733,83.37054004929544
60,1000,75.48651739219567,83.37054004929544
60,1000,75.55955925916697,83.37054004929544
60,1000,75.29184821413709,83.37054004929544
60,1100,66.67794023705767,81.48124868151729
60,1100,66.33985002175038,81.48124868151729
60,1100,66.01967438361345,81.48124868151729
60,1100,65.99766574958701,81.48124868151729
60,1100,66.02552261172556,81.48124868151729
60,1200,73.51016817732805,81.33992126596277
60,1200,74.34801856903802,81.33992126596277
60,1200,75.37300399134169,81.33992126596277
60,1200,76.52916372875116,81.33992126596277
60,1200,77.15169429593271,81.33992126596277
61,100,84.22953723178797,87.27470322612629
61,100,83.74885406442536,87.27470322612629
61,100,83.82562794809216,87.27470322612629
61,100,84.28903065749576,87.27470322612629
61,100,85.13658582814587,87.27470322612629
61,700,92.185435698834,86.12068339934582
61,700,91.97977901919064,86.12068339934582
61,700,92.80166949523992,86.12068339934582
61,700,94.03046345349514,86.12068339934582
61,700,94.74469160362756,86.12068339934582
61,1000,74.77365619133636,88.78233420211225
61,1000,74.04033453629646,88.78233420211225
61,1000,73.54225719233098,88.78233420211225
61,1000,73.53328556023635,88.78233420211225
61,1000,73.43220244764767,88.78233420211225
61,1300,74.42148237947974,86.81587338774958
61,1300,73.40148622680019,86.81587338774958
61,1300,73.69134358957217,86.81587338774958
61,1300,74.11862762180756,86.81587338774958
61,1300,74.39948092126227,86.81587338774958
62,0,92.0,86.78333090591104
62,0,92.0,86.78333090591104
62,0,92.0,86.78333090591104
62,0,92.0,86.78333090591104
62,0,92.0,86.78333090591104
62,900,108.38479062468456,87.62325789124091
62,900,106.73406060557345,87.62325789124091
62,900,105.36225213416212,87.62325789124091
62,900,104.83794432976546,87.62325789124091
62,900,105.20793851753336,87.62325789124091
62,1200,77.13237899335797,89.31540704631935
62,1200,72.9420421140033,89.31540704631935
62,1200,68.22463159654048,89.31540704631935
62,1200,64.28122929102415,89.31540704631935
62,1200,63.598505591907546,89.31540704631935
62,1700,122.29383583445654,93.07315363108032
62,1700,119.541917295683,93.07315363108032
62,1700,117.39495274855462,93.07315363108032
62,1700,115.10633830972564,93.07315363108032
62,1700,112.94176335696017,93.07315363108032
63,0,84.0,83.94243195289512
63,0,84.0,83.94243195289512
63,0,84.0,83.94243195289512
63,0,84.0,83.94243195289512
63,0,84.0,83.94243195289512
63,600,90.79634666633812,84.70665124138898
63,600,91.60898563495446,84.70665124138898
63,600,92.23588404521284,84.70665124138898
63,600,93.13197648143354,84.70665124138898
63,600,93.89765148896086,84.70665124138898
63,1400,79.40665629704793,87.60838475596165
63,1400,77.96495824056271,87.60838475596165
63,1400,78.64026102947466,87.60838475596165
63,1400,80.02269831529425,87.60838475596165
63,1400,81.04457865112273,87.60838475596165
63,1700,106.75165576821284,95.1344073490506
63,1700,107.73143034703806,95.1344073490506
63,1700,108.70458516446442,95.1344073490506
63,1700,109.55217759176377,95.1344073490506
63,1700,110.19146032819108,95.1344073490506
64,700,75.1580020436993,63.57219966105406
64,700,74.93641862002286,63.57219966105406
64,700,73.9741606305688,63.57219966105406
64,700,72.36738645246018,63.57219966105406
64,700,70.9213813692617,63.57219966105406
64,800,70.75612398262764,63.08848361071853
64,800,67.981329753595,63.08848361071853
64,800,66.32167827350237,63.08848361071853
64,800,65.7118857499325,63.08848361071853
64,800,65.76845959732887,63.08848361071853
64,1000,67.54068021698268,62.85225283672372
64,1000,65.38451568333174,62.85225283672372
64,1000,63.74255563923806,62.85225283672372
64,1000,63.08381409490264,62.85225283672372
64,1000,62.2825360937036,62.85225283672372
64,1200,63.75240087721829,66.43785474807183
64,1200,61.0496155007061,66.43785474807183
64,1200,59.02964842587839,66.43785474807183
64,1200,58.239022580060094,66.43785474807183
64,1200,58.292787790917735,66.43785474807183
65,1000,87.31924384300844,95.31811064996569
65,1000,85.97710356660735,95.31811064996569
65,1000,85.27303709653549,95.31811064996569
65,1000,85.13633075998976,95.31811064996569
65,1000,85.5290611692428,95.31811064996569
65,1300,93.72022629857578,96.0814638611952
65,1300,93.1137770608906,96.0814638611952
65,1300,92.662355887219,96.0814638611952
65,1300,93.3982105471871,96.0814638611952
65,1300,93.8738412559981,96.0814638611952
65,1400,83.33447926075428,96.14987800125385
65,1400,81.61193056725836,96.14987800125385
65,1400,81.87520986098748,96.14987800125385
65,1400,83.77501364001978,96.14987800125385
65,1400,85.82041563301004,96.14987800125385
65,1500,98.69470301309076,97.23382922587925
65,1500,97.85561980757365,97.23382922587925
65,1500,97.22778984963637,97.23382922587925
65,1500,97.02793200841712,97.23382922587925
65,1500,97.00567634820425,97.23382922587925
66,600,92.77710001995035,83.72166141130658
66,600,92.23979964359496,83.72166141130658
66,600,92.27320322907848,83.72166141130658
66,600,93.35193661436246,83.72166141130658
66,600,95.09252309568768,83.72166141130658
66,900,99.84615170038448,84.38878987203289
66,900,101.10234475109652,84.38878987203289
66,900,102.28888431248822,84.38878987203289
66,900,102.8810264889812,84.38878987203289
66,900,102.45929582036418,84.38878987203289
66,1200,63.63861068089273,82.01698545506497
66,1200,63.53163783246332,82.01698545506497
66,1200,63.34963100668671,82.01698545506497
66,1200,63.30417647898456,82.01698545506497
66,1200,63.13159713012316,82.01698545506497
66,1400,63.28414466544831,82.48989608327743
66,1400,59.16965455224504,82.48989608327743
66,1400,58.52153215352718,82.48989608327743
66,1400,60.66396066217805,82.48989608327743
66,1400,62.943984681374495,82.48989608327743
67,0,95.0,92.95499509511677
67,0,95.0,92.95499509511677
67,0,95.0,92.95499509511677
67,0,95.0,92.95499509511677
67,0,95.0,92.95499509511677
67,600,116.72447698673643,95.80010963071057
67,600,120.32220493426055,95.80010963071057
67,600,122.75654909693316,95.80010963071057
67,600,123.97767171023727,95.80010963071057
67,600,124.5903222155558,95.80010963071057
67,700,113.07282591993106,93.72725467699928
67,700,117.79703629786968,93.72725467699928
67,700,120.69671784134091,93.72725467699928
67,700,121.93247699396952,93.72725467699928
67,700,121.5814099958965,93.72725467699928
67,900,117.54675083015904,93.7016745841821
67,900,115.6442107285256,93.7016745841821
67,900,114.15319022399524,93.7016745841821
67,900,113.6974777771797,93.7016745841821
67,900,114.57602152253295,93.7016745841821
68,300,77.0,77.6914267442383
68,300,77.0,77.6914267442383
68,300,77.0,77.6914267442383
68,300,77.0,77.6914267442383
68,300,77.0,77.6914267442383
68,400,77.0,75.3292244515788
68,400,77.0,75.3292244515788
68,400,77.0,75.3292244515788
68,400,77.0,75.3292244515788
68,400,77.0,75.3292244515788
68,1100,54.25107969277864,75.16105809873308
68,1100,52.18614579640425,75.16105809873308
68,1100,51.15784589047039,75.16105809873308
68,1100,50.90900519430896,75.16105809873308
68,1100,50.94609216559832,75.16105809873308
68,1200,69.4884526232877,85.1834965370958
68,1200,64.01614091282798,85.1834965370958
68,1200,58.43639988682487,85.1834965370958
68,1200,53.84087743686907,85.1834965370958
68,1200,51.76812132364744,85.1834965370958
69,100,82.32568295982492,85.26476336947663
69,100,82.62956722701266,85.26476336947663
69,100,83.20398980384266,85.26476336947663
69,100,83.36870943571066,85.26476336947663
69,100,84.05346871182688,85.26476336947663
69,800,93.68526743462934,87.77988081677151
69,800,91.89711366298394,87.77988081677151
69,800,91.32320531725368,87.77988081677151
69,800,91.80910490777067,87.77988081677151
69,800,92.40615831684067,87.77988081677151
69,1000,76.10363718785102,84.9775847586853
69,1000,72.34154136604045,84.9775847586853
69,1000,69.70679706216374,84.9775847586853
69,1000,68.12775176231995,84.9775847586853
69,1000,67.0618079698447,84.9775847586853
69,1300,71.16759681483558,87.21514574282627
69,1300,70.07004721235592,87.21514574282627
69,1300,69.39833920888243,87.21514574282627
69,1300,69.40969308314236,87.21514574282627
69,1300,69.66033312806982,87.21514574282627
70,200,83.01660467755227,84.27882882002648
70,200,80.93808879253667,84.27882882002648
70,200,78.22170943047577,84.27882882002648
70,200,75.82140858194013,84.27882882002648
70,200,74.6579382677873,84.27882882002648
70,700,94.39020235208388,83.06612192010009
70,700,93.20717954233096,83.06612192010009
70,700,92.33055060219456,83.06612192010009
70,700,92.59691250654528,83.06612192010009
70,700,93.66053565529393,83.06612192010009
70,900,98.81061857051148,83.94469090593968
70,900,93.79254236625086,83.94469090593968
70,900,89.67064902776629,83.94469090593968
70,900,87.79001082831513,83.94469090593968
70,900,87.79901015329536,83.94469090593968
70,1500,102.24175748057868,84.56299100583075
70,1500,103.284411937265,84.56299100583075
70,1500,104.18650079289556,84.56299100583075
70,1500,105.04467348670546,84.56299100583075
70,1500,106.19837121519492,84.56299100583075
71,0,98.0,103.54946567266174
71,0,98.0,103.54946567266174
71,0,98.0,103.54946567266174
71,0,98.0,103.54946567266174
71,0,98.0,103.54946567266174
71,100,95.53486708335546,99.76628435188653
71,100,94.37284870963076,99.76628435188653
71,100,93.69402903880908,99.76628435188653
71,100,93.61225918515936,99.76628435188653
71,100,93.42202062831814,99.76628435188653
71,200,94.56226410861656,99.36572065994756
71,200,93.4489939267501,99.36572065994756
71,200,92.35837300215964,99.36572065994756
71,200,91.98429122146588,99.36572065994756
71,200,91.55107035920857,99.36572065994756
71,600,109.25883362687512,100.2882440042375
71,600,110.37665037943688,100.2882440042375
71,600,111.83066480273293,100.2882440042375
71,600,113.10239629074609,100.2882440042375
71,600,113.68845383959126,100.2882440042375
72,0,98.0,94.17500034070076
72,0,98.0,94.17500034070076
72,0,98.0,94.17500034070076
72,0,98.0,94.17500034070076
72,0,98.0,94.17500034070076
72,600,107.0832337513424,95.44021984776354
72,600,107.01957433440468,95.44021984776354
72,600,107.71799112212608,95.44021984776354
72,600,109.15416880778938,95.44021984776354
72,600,110.57781456521408,95.44021984776354
72,1100,77.35379400531967,95.43457367673886
72,1100,73.4765357304445,95.43457367673886
72,1100,72.00481981157739,95.43457367673886
72,1100,71.53604978524247,95.43457367673886
72,1100,71.34637224312985,95.43457367673886
72,1200,76.63248464850741,95.17512567467773
72,1200,76.10560189428783,95.17512567467773
72,1200,76.55958115682972,95.17512567467773
72,1200,78.14934790031218,95.17512567467773
72,1200,79.4631453166505,95.17512567467773
73,200,79.79647217502841,74.71809815466352
73,200,79.31590511984639,74.71809815466352
73,200,78.21464369926618,74.71809815466352
73,200,76.82607892374972,74.71809815466352
73,200,75.96601929468511,74.71809815466352
73,500,85.2468107056308,73.45615667241997
73,500,82.76982104148699,73.45615667241997
73,500,79.03166017222713,73.45615667241997
73,500,75.6365468263626,73.45615667241997
73,500,73.83238114743007,73.45615667241997
73,600,82.29983329938088,74.88001888813366
73,600,84.19687724134107,74.88001888813366
73,600,85.4493106364172,74.88001888813366
73,600,86.08427848351467,74.88001888813366
73,600,86.52359555004993,74.88001888813366
74,200,92.87118014112696,94.59345301002229
74,200,93.02819517783789,94.59345301002229
74,200,92.33306819226318,94.59345301002229
74,200,91.96257208332872,94.59345301002229
74,200,90.55994419308452,94.59345301002229
74,1100,85.03178158989078,93.20242855398409
74,1100,84.27275868618128,93.20242855398409
74,1100,84.12312702183084,93.20242855398409
74,1100,83.90183446314428,93.20242855398409
74,1100,83.47591369802302,93.20242855398409
74,1400,91.42429268618169,95.2549073593829
74,1400,90.18729669603952,95.2549073593829
74,1400,91.88834659515486,95.2549073593829
74,1400,93.99069614970055,95.2549073593829
74,1400,96.33998475985344,95.2549073593829
74,1500,98.67558557027346,106.91478732794481
74,1500,99.19562491297206,106.91478732794481
74,1500,100.17582650927754,106.91478732794481
74,1500,101.10614605693074,106.91478732794481
74,1500,101.73461519588125,106.91478732794481
75,500,90.67119375038972,88.47174344545671
75,500,88.81823950309258,88.47174344545671
75,500,86.72476937244465,88.47174344545671
75,500,86.26785863735975,88.47174344545671
75,500,87.12823759735404,88.47174344545671
75,600,98.29219464719036,87.73636709488804
75,600,98.9665543238322,87.73636709488804
75,600,100.07933116578435,87.73636709488804
75,600,101.7425482624021,87.73636709488804
75,600,103.25673926857128,87.73636709488804
75,1000,76.9277866898161,92.85326564530952
75,1000,76.39177557297083,92.85326564530952
75,1000,76.0548856846698,92.85326564530952
75,1000,75.31481508981614,92.85326564530952
75,1000,74.46788566865962,92.85326564530952
75,1700,105.04228154611792,103.33915910143055
75,1700,107.99862300059496,103.33915910143055
75,1700,111.20461151403782,103.33915910143055
75,1700,114.37024692952374,103.33915910143055
75,1700,117.21418891427837,103.33915910143055
76,800,74.87413085384286,83.09178037724318
76,800,72.99582525455591,83.09178037724318
76,800,72.16696022289656,83.09178037724318
76,800,72.93187365800271,83.09178037724318
76,800,73.5997834381087,83.09178037724318
76,1100,71.0,76.34115969246731
76,1100,71.0,76.34115969246731
76,1100,71.0,76.34115969246731
76,1100,71.0,76.34115969246731
76,1100,71.0,76.34115969246731
76,1400,67.56546246644223,83.09877548629824
76,1400,67.6489564825446,83.09877548629824
76,1400,69.38441896748233,83.09877548629824
76,1400,71.87451059684093,83.09877548629824
76,1400,75.06483217544886,83.09877548629824
77,100,63.99868473758945,69.48015579076943
77,100,60.926781055731176,69.48015579076943
77,100,57.80032965837619,69.48015579076943
77,100,55.698790794843205,69.48015579076943
77,100,54.82205726161148,69.48015579076943
77,200,60.84893699443384,70.82859267727878
77,200,58.939204200521694,70.82859267727878
77,200,57.07976797132781,70.82859267727878
77,200,55.84159972863796,70.82859267727878
77,200,54.93300122203249,70.82859267727878
77,700,75.57485139524782,71.25600550801335
77,700,72.25447689506399,71.25600550801335
77,700,71.11790014551832,71.25600550801335
77,700,71.58690791006212,71.25600550801335
77,700,72.60105534136554,71.25600550801335
77,1200,68.19067557962425,69.7181400872591
77,1200,67.70954171094027,69.7181400872591
77,1200,67.4625905716058,69.7181400872591
77,1200,67.21583732485256,69.7181400872591
77,1200,66.77121206073018,69.7181400872591
78,400,113.2548085483363,116.21633547799604
78,400,110.67925508507402,116.21633547799604
78,400,109.58990373033464,116.21633547799604
78,400,110.3391641497096,116.21633547799604
78,400,111.4986468579346,116.21633547799604
78,500,112.70817641778426,117.30283636827156
78,500,110.73064487424249,117.30283636827156
78,500,109.86915168204864,117.30283636827156
78,500,109.7172640691072,117.30283636827156
78,500,109.2249336325245,117.30283636827156
78,800,123.64009933347826,116.56107494834654
78,800,121.08252370718752,116.56107494834654
78,800,120.40545740788116,116.56107494834654
78,800,120.96164309823668,116.56107494834654
78,800,121.44229490106756,116.56107494834654
78,900,122.15298978900496,115.63190032516596
78,900,119.36535050652245,115.63190032516596
78,900,116.96270505071202,115.63190032516596
78,900,117.10208229585128,115.63190032516596
78,900,118.49811483874466,115.63190032516596
79,400,132.71308759280615,119.62239415239517
79,400,133.0,119.62239415239517
79,400,132.86190959591886,119.62239415239517
79,400,132.07559301842858,119.62239415239517
79,400,130.84182678466237,119.62239415239517
79,800,130.41539483152943,118.86910659869356
79,800,130.86253389135584,118.86910659869356
79,800,131.67517083238212,118.86910659869356
79,800,133.38100581870967,118.86910659869356
79,800,133.92374082457968,118.86910659869356
79,1100,98.92963378436166,116.83811040998621
79,1100,96.2254976532319,116.83811040998621
79,1100,94.9755030826126,116.83811040998621
79,1100,96.0779404856942,116.83811040998621
79,1100,96.9482177583686,116.83811040998621
79,1400,90.25017202411648,117.24939854645922
79,1400,90.27278519915296,117.24939854645922
79,1400,92.52024748934296,117.24939854645922
79,1400,94.18231486964535,117.24939854645922
79,1400,92.48642512317345,117.24939854645922
80,100,63.471994133738725,69.74284363844296
80,100,62.11195982379831,69.74284363844296
80,100,62.09364212539805,69.74284363844296
80,100,62.75194086037673,69.74284363844296
80,100,62.759715725333145,69.74284363844296
80,300,71.38983874949713,70.2010580351006
80,300,70.97704808536547,70.2010580351006
80,300,70.78716081561464,70.2010580351006
80,300,68.109493890366,70.2010580351006
80,300,67.95370043717422,70.2010580351006
80,500,65.38434467480812,73.57949840555155
80,500,66.20346661460349,73.57949840555155
80,500,66.52654434179331,73.57949840555155
80,500,66.78384517281603,73.57949840555155
80,500,66.42153154307114,73.57949840555155
80,900,84.4015815071348,70.64467957661549
80,900,84.42249038209131,70.64467957661549
80,900,83.2247593702176,70.64467957661549
80,900,82.63037425924689,70.64467957661549
80,900,82.06353095083526,70.64467957661549
81,600,98.889466630432,91.11402602206815
81,600,99.32406546646382,91.11402602206815
81,600,99.22960999414518,91.11402602206815
81,600,99.26155597719796,91.11402602206815
81,600,99.76424683224072,91.11402602206815
81,800,104.84160045755694,91.0406214804726
81,800,103.87346523974364,91.0406214804726
81,800,103.11021260368877,91.0406214804726
81,800,102.47575229277342,91.0406214804726
81,800,101.62444268470205,91.0406214804726
81,1300,81.98771658992104,98.043048763844
81,1300,81.63325436393936,98.043048763844
81,1300,82.74576148016628,98.043048763844
81,1300,83.99666808590744,98.043048763844
81,1300,84.21927078255327,98.043048763844
81,1700,115.91081715146184,106.3258142060633
81,1700,115.14883898863027,106.3258142060633
81,1700,113.80119911623208,106.3258142060633
81,1700,111.55186849651916,106.3258142060633
81,1700,109.91782241775876,106.3258142060633
82,500,54.89761700052203,64.17556179723633
82,500,52.7872570820185,64.17556179723633
82,500,52.21473669799375,64.17556179723633
82,500,52.45365063246194,64.17556179723633
82,500,54.01481606433918,64.17556179723633
82,700,63.91837997560377,59.64368754248795
82,700,63.84423969008706,59.64368754248795
82,700,64.54327406924524,59.64368754248795
82,700,64.54990844809132,59.64368754248795
82,700,64.98028704201504,59.64368754248795
82,800,57.608834145905135,62.49590417727434
82,800,57.79217589469183,62.49590417727434
82,800,58.43691365956228,62.49590417727434
82,800,59.09869502839588,62.49590417727434
82,800,59.90044863296278,62.49590417727434
82,900,62.34931366887444,56.58078959967465
82,900,61.51456711302588,56.58078959967465
82,900,61.67627220546012,56.58078959967465
82,900,62.82261981798973,56.58078959967465
82,900,64.4179525901745,56.58078959967465
83,0,83.0,86.23297519633063
83,0,83.0,86.23297519633063
83,0,83.0,86.23297519633063
83,0,83.0,86.23297519633063
83,0,83.0,86.23297519633063
83,600,88.25295597237427,87.45205164116837
83,600,88.29724888058452,87.45205164116837
83,600,88.89730578583557,87.45205164116837
83,600,90.33335094844108,87.45205164116837
83,600,92.06033316009488,87.45205164116837
83,900,89.87301664125351,88.46405913283652
83,900,88.95975838491927,88.46405913283652
83,900,88.46742482722064,88.46405913283652
83,900,88.31359048013563,88.46405913283652
83,900,89.49598710051863,88.46405913283652
83,1600,101.65153368499334,88.50358743091456
83,1600,102.26897135935728,88.50358743091456
83,1600,102.88868911234148,88.50358743091456
83,1600,103.27309518653789,88.50358743091456
83,1600,103.6555488145362,88.50358743091456
84,300,105.40764011322597,96.98637814458523
84,300,106.59687347639176,96.98637814458523
84,300,109.00946613410852,96.98637814458523
84,300,110.35293474548308,96.98637814458523
84,300,109.58525724741288,96.98637814458523
84,400,105.41277047510432,96.55797128798068
84,400,104.81947605021588,96.55797128798068
84,400,103.46290462770504,96.55797128798068
84,400,102.28017565491912,96.55797128798068
84,400,100.90974685536834,96.55797128798068
84,1000,93.06863071908168,95.37194485329539
84,1000,86.62347417033833,95.37194485329539
84,1000,82.57033544981356,95.37194485329539
84,1000,80.86315783867309,95.37194485329539
84,1000,79.70791400016881,95.37194485329539
84,1100,78.02175133156054,95.60970951226768
84,1100,76.58822326123456,95.60970951226768
84,1100,77.60251928717543,95.60970951226768
84,1100,78.76360310207714,95.60970951226768
84,1100,78.23369830820984,95.60970951226768
85,200,96.6123261296904,87.64235370731981
85,200,95.25456228607143,87.64235370731981
85,200,93.25316331809734,87.64235370731981
85,200,90.57927551930084,87.64235370731981
85,200,88.21217350216655,87.64235370731981
85,800,94.2968756657142,88.22129759964537
85,800,92.03784014858724,88.22129759964537
85,800,89.85785913364195,88.22129759964537
85,800,89.41081473011991,88.22129759964537
85,800,89.25144410133362,88.22129759964537
85,1300,79.80783465517548,89.40525634378302
85,1300,77.45489601345805,89.40525634378302
85,1300,76.6806401318802,89.40525634378302
85,1300,77.98882275123101,89.40525634378302
85,1300,78.96488769023449,89.40525634378302
85,1500,86.97452458457678,87.53200474003233
85,1500,88.82866893392621,87.53200474003233
85,1500,90.79806326478077,87.53200474003233
85,1500,91.81544594434432,87.53200474003233
85,1500,92.2520068176897,87.53200474003233
86,200,109.98636861693808,96.12578043293601
86,200,112.54555635844474,96.12578043293601
86,200,113.19621969920732,96.12578043293601
86,200,112.19822657882392,96.12578043293601
86,200,110.39902964608494,96.12578043293601
86,1200,79.52924832327541,97.24346884727518
86,1200,77.74617761141295,97.24346884727518
86,1200,76.80816050938198,97.24346884727518
86,1200,76.27289521849,97.24346884727518
86,1200,75.91036344400216,97.24346884727518
86,1600,121.59881430064443,113.7895444063139
86,1600,123.38065388089134,113.7895444063139
86,1600,125.18814463842484,113.7895444063139
86,1600,127.5103398907236,113.7895444063139
86,1600,129.87129868573442,113.7895444063139
86,1700,114.81834379688225,110.92229687801262
86,1700,113.7710874297402,110.92229687801262
86,1700,112.8016073228993,110.92229687801262
86,1700,111.36303281474424,110.92229687801262
86,1700,109.4702929604105,110.92229687801262
87,600,100.72588837198364,88.67861349855575
87,600,101.0397478698136,88.67861349855575
87,600,100.25673590284406,88.67861349855575
87,600,100.9590725919385,88.67861349855575
87,600,101.42379744331558,88.67861349855575
87,700,96.89580285947014,91.81440877894741
87,700,94.53707002974176,91.81440877894741
87,700,92.77613117581322,91.81440877894741
87,700,92.32770484040826,91.81440877894741
87,700,92.14273352953262,91.81440877894741
87,1200,72.88790723255703,91.5213290653106
87,1200,71.92879743390269,91.5213290653106
87,1200,71.60428009507976,91.5213290653106
87,1200,71.58558248131823,91.5213290653106
87,1200,72.13718592862546,91.5213290653106
87,1700,122.30629037302252,92.84354712887179
87,1700,121.6039605419357,92.84354712887179
87,1700,121.82736963007872,92.84354712887179
87,1700,122.0,92.84354712887179
87,1700,122.0,92.84354712887179
88,900,93.59446253301778,87.05272353001024
88,900,94.09554333913894,87.05272353001024
88,900,93.7482041414682,87.05272353001024
88,900,94.29384931238182,87.05272353001024
88,900,94.57704140097547,87.05272353001024
88,1100,86.24300024460219,90.73753608295851
88,1100,84.77038892163662,90.73753608295851
88,1100,83.56658161976637,90.73753608295851
88,1100,82.3377421913725,90.73753608295851
88,1100,81.69330710662908,90.73753608295851
88,1500,94.51824141993669,97.3354586784388
88,1500,95.0914873787851,97.3354586784388
88,1500,96.21342497677,97.3354586784388
88,1500,97.55219238145013,97.3354586784388
88,1500,98.94339581072587,97.3354586784388
88,1600,102.6022719122194,88.42924838960808
88,1600,109.25178424001255,88.42924838960808
88,1600,115.74483329496344,88.42924838960808
88,1600,121.11218593853376,88.42924838960808
88,1600,125.47546959439396,88.42924838960808
89,500,99.7107008360165,96.02552590568536
89,500,98.55756634964057,96.02552590568536
89,500,98.50816872935276,96.02552590568536
89,500,98.0077669899185,96.02552590568536
89,500,96.45977442192309,96.02552590568536
89,600,112.88771669069926,96.8054411624701
89,600,111.9468734697862,96.8054411624701
89,600,110.34228964182203,96.8054411624701
89,600,108.95323319455764,96.8054411624701
89,600,107.9317882153895,96.8054411624701
89,1200,82.96384235790798,95.94601612482339
89,1200,77.81004728280105,95.94601612482339
89,1200,74.27203095526923,95.94601612482339
89,1200,73.30834656566769,95.94601612482339
89,1200,72.86043235233852,95.94601612482339
89,1300,78.03051903390084,95.6375774346321
89,1300,75.60957303914157,95.6375774346321
89,1300,75.01145511065727,95.6375774346321
89,1300,74.90285036470983,95.6375774346321
89,1300,74.12938831338991,95.6375774346321
90,0,82.0,86.28166910964379
90,0,82.0,86.28166910964379
90,0,82.0,86.28166910964379
90,0,82.0,86.28166910964379
90,0,82.0,86.28166910964379
90,1300,79.2147427964755,85.89468240734655
90,1300,75.71357237593207,85.89468240734655
90,1300,73.70580816137095,85.89468240734655
90,1300,72.38354129019095,85.89468240734655
90,1300,71.49183919522669,85.89468240734655
90,1400,78.32836832422198,87.40465941520293
90,1400,77.6772335741943,87.40465941520293
90,1400,82.61806367486071,87.40465941520293
90,1400,89.43658556979456,87.40465941520293
90,1400,93.5878864593836,87.40465941520293
90,1500,88.56309814519079,100.00062933734205
90,1500,89.57146159498207,100.00062933734205
90,1500,91.5442477789792,100.00062933734205
90,1500,93.42366013072784,100.00062933734205
90,1500,95.47549103658436,100.00062933734205
91,100,92.84087951565202,93.20525365890649
91,100,93.29548009855922,93.20525365890649
91,100,93.32038272304452,93.20525365890649
91,100,93.81844044763804,93.20525365890649
91,100,94.1299950281779,93.20525365890649
91,300,104.72390783375158,100.03140735289523
91,300,107.95404703173288,100.03140735289523
91,300,110.4200929501356,100.03140735289523
91,300,112.57286183452192,100.03140735289523
91,300,113.27021769114904,100.03140735289523
91,500,101.10266839270984,93.08029846706165
91,500,100.6578258477248,93.08029846706165
91,500,99.00785617807726,93.08029846706165
91,500,97.45821374732178,93.08029846706165
91,500,95.84993601567815,93.08029846706165
91,1500,84.75047931320223,95.15081597350903
91,1500,87.28998627084674,95.15081597350903
91,1500,89.60413288760495,95.15081597350903
91,1500,91.3865249786542,95.15081597350903
91,1500,92.8156024274372,95.15081597350903
92,200,74.2800264110813,83.01032300099607
92,200,71.74425363127803,83.01032300099607
92,200,70.60662819916035,83.01032300099607
92,200,71.52445598288531,83.01032300099607
92,200,72.80034809814387,83.01032300099607
92,300,80.29358769473362,82.70384144747644
92,300,79.75153094224386,82.70384144747644
92,300,81.17459078349896,82.70384144747644
92,300,83.0352488327852,82.70384144747644
92,300,83.5096374074102,82.70384144747644
92,500,92.13427309659652,85.11519690335045
92,500,90.26540430799707,85.11519690335045
92,500,85.83738765675268,85.11519690335045
92,500,81.69929662101713,85.11519690335045
92,500,78.06887513012082,85.11519690335045
92,1200,74.20431741388329,83.74427884198812
92,1200,73.93346472942468,83.74427884198812
92,1200,72.94925588859624,83.74427884198812
92,1200,71.91562720978294,83.74427884198812
92,1200,69.35952275307541,83.74427884198812
93,0,82.0,88.25833967056116
93,0,82.0,88.25833967056116
93,0,82.0,88.25833967056116
93,0,82.0,88.25833967056116
93,0,82.0,88.25833967056116
93,400,95.31536955266073,88.28683879394762
93,400,92.0638014919314,88.28683879394762
93,400,88.10746116762037,88.28683879394762
93,400,86.27421185258147,88.28683879394762
93,400,85.30174333502204,88.28683879394762
93,500,87.06400379474029,87.9844143739061
93,500,86.68623689345984,87.9844143739061
93,500,86.10670842546405,87.9844143739061
93,500,86.38446090850995,87.9844143739061
93,500,85.85832103506311,87.9844143739061
93,900,101.4778029051694,87.93621997570156
93,900,99.78632740334515,87.93621997570156
93,900,98.736126664397,87.93621997570156
93,900,98.72917400913322,87.93621997570156
93,900,98.99743166217556,87.93621997570156
94,500,82.26097946029518,85.28262882985237
94,500,79.88501161207884,85.28262882985237
94,500,80.26798365952132,85.28262882985237
94,500,81.37196158640313,85.28262882985237
94,500,81.38238276857318,85.28262882985237
94,1300,76.3107341914982,85.0431938741511
94,1300,75.39043044011831,85.0431938741511
94,1300,75.56564868683422,85.0431938741511
94,1300,75.51306311495892,85.0431938741511
94,1300,75.07381806745158,85.0431938741511
94,1400,76.55593731075378,85.63738683521902
94,1400,72.80907179128361,85.63738683521902
94,1400,72.71548564815934,85.63738683521902
94,1400,76.92343469512412,85.63738683521902
94,1400,79.68655876783066,85.63738683521902
94,1500,91.8452527388866,97.1534802389854
94,1500,93.73746646947158,97.1534802389854
94,1500,95.29804720300616,97.1534802389854
94,1500,97.35233182205266,97.1534802389854
94,1500,99.33623448034716,97.1534802389854
95,300,105.61370998337156,104.09577502376551
95,300,104.94159235169876,104.09577502376551
95,300,104.89336489908624,104.09577502376551
95,300,101.67684121358964,104.09577502376551
95,300,99.80125350043888,104.09577502376551
95,800,123.91978036273608,104.41140456806652
95,800,123.41333813275094,104.41140456806652
95,800,124.2724962781518,104.41140456806652
95,800,126.20808177386527,104.41140456806652
95,800,128.7338732878367,104.41140456806652
95,1000,94.6703576773276,103.98465740757801
95,1000,93.41827332096184,103.98465740757801
95,1000,93.6572824535948,103.98465740757801
95,1000,94.12065688975446,103.98465740757801
95,1000,94.22432993397568,103.98465740757801
95,1600,111.26003739431307,115.98356685084782
95,1600,112.5972917317312,115.98356685084782
95,1600,113.71216842519256,115.98356685084782
95,1600,114.65096116478826,115.98356685084782
95,1600,115.33205840494726,115.98356685084782
96,200,72.26699690901356,71.94507365568856
96,200,66.89242962118867,71.94507365568856
96,200,62.85445608205094,71.94507365568856
96,200,61.22481894183469,71.94507365568856
96,200,62.22025275333619,71.94507365568856
96,900,85.91316481562323,72.17670760039373
96,900,85.06810721277675,72.17670760039373
96,900,84.37470024888736,72.17670760039373
96,900,85.40642616746317,72.17670760039373
96,900,86.30179492722945,72.17670760039373
96,1100,55.27602133399997,72.18458856449254
96,1100,54.07050162373167,72.18458856449254
96,1100,53.18378768854843,72.18458856449254
96,1100,52.95218894904826,72.18458856449254
96,1100,52.98151322773525,72.18458856449254
96,1700,75.06980603508447,81.58181041010853
96,1700,75.99113412027235,81.58181041010853
96,1700,77.65027805633875,81.58181041010853
96,1700,79.49031361150536,81.58181041010853
96,1700,80.6657757748773,81.58181041010853
97,500,95.140504279694,90.84184150563648
97,500,92.6309042674347,90.84184150563648
97,500,91.22968580255444,90.84184150563648
97,500,91.33604779963036,90.84184150563648
97,500,92.00313354216794,90.84184150563648
97,1000,84.59037771782317,91.78631332801193
97,1000,82.20902172621194,91.78631332801193
97,1000,79.3152149322229,91.78631332801193
97,1000,76.48504009597745,91.78631332801193
97,1000,75.16869966189067,91.78631332801193
97,1100,73.938269845335,90.24164326441576
97,1100,73.08938507084207,90.24164326441576
97,1100,73.13650437613482,90.24164326441576
97,1100,72.7811020355142,90.24164326441576
97,1100,73.4426988497895,90.24164326441576
97,1700,103.93349926922257,94.4542203205011
97,1700,106.87208292368858,94.4542203205011
97,1700,110.2281108330218,94.4542203205011
97,1700,113.50508918987884,94.4542203205011
97,1700,116.68276526069904,94.4542203205011
98,0,112.0,109.82706565938759
98,0,112.0,109.82706565938759
98,0,112.0,109.82706565938759
98,0,112.0,109.82706565938759
98,0,112.0,109.82706565938759
98,100,109.92341821637504,110.01278961761383
98,100,109.46384522821997,110.01278961761383
98,100,109.8008725426414,110.01278961761383
98,100,109.88025379490544,110.01278961761383
98,100,110.172821369006,110.01278961761383
98,1600,125.95528576900432,110.45774753716114
98,1600,125.16270307957868,110.45774753716114
98,1600,124.88106447690492,110.45774753716114
98,1600,125.79627516362574,110.45774753716114
98,1600,126.4198578838662,110.45774753716114
98,1700,118.00392506855393,120.42658867060648
98,1700,117.32095850907363,120.42658867060648
98,1700,117.9339660390631,120.42658867060648
98,1700,118.35241158803304,120.42658867060648
98,1700,118.5998900483697,120.42658867060648
99,900,110.26429795530797,92.79412295863418
99,900,110.4630183832986,92.79412295863418
99,900,111.02552164065374,92.79412295863418
99,900,110.89132227629294,92.79412295863418
99,900,110.32655807490988,92.79412295863418
99,1300,89.36233398821447,95.3467076884393
99,1300,86.84943915755201,95.3467076884393
99,1300,85.42105843804099,95.3467076884393
99,1300,84.74167535418556,95.3467076884393
99,1300,84.91431843770015,95.3467076884393
99,1500,114.07000858949638,94.97836315138358
99,1500,115.39605512247456,94.97836315138358
99,1500,114.31745456101058,94.97836315138358
99,1500,113.59193651810352,94.97836315138358
99,1500,113.3889883266383,94.97836315138358
99,1700,119.50801738326976,93.84300834676408
99,1700,118.63466758184748,93.84300834676408
99,1700,118.0422087825596,93.84300834676408
99,1700,116.95245186130332,93.84300834676408
99,1700,116.22715122668774,93.84300834676408
100,700,91.20797939329962,81.54179311167331
100,700,88.51943944233321,81.54179311167331
100,700,88.68640011626404,81.54179311167331
100,700,90.15631420065314,81.54179311167331
100,700,92.97224432565432,81.54179311167331
100,900,93.15796586961456,81.46894297452783
100,900,90.64403999109804,81.46894297452783
100,900,90.095101559833,81.46894297452783
100,900,91.64312572912736,81.46894297452783
100,900,92.99208278367014,81.46894297452783
100,1100,65.1682062759606,81.98421254788211
100,1100,63.881798199244905,81.98421254788211
100,1100,64.02640105325938,81.98421254788211
100,1100,63.66476301713424,81.98421254788211
100,1100,62.72331572714306,81.98421254788211
100,1400,71.0129910485569,81.92595409458656
100,1400,71.51822766700349,81.92595409458656
100,1400,74.68920287425384,81.92595409458656
100,1400,78.55469048178041,81.92595409458656
100,1400,78.10650198284166,81.92595409458656
101,0,76.0,92.40538027735582
101,0,76.0,92.40538027735582
101,0,76.0,92.40538027735582
101,0,76.0,92.40538027735582
101,0,76.0,92.40538027735582
101,600,88.14323947130343,95.10146151473438
101,600,93.40766595245957,95.10146151473438
101,600,98.98437950621437,95.10146151473438
101,600,101.24759019814528,95.10146151473438
101,600,101.92914533615112,95.10146151473438
101,900,97.37916425089816,91.40001988249126
101,900,96.72481225579332,91.40001988249126
101,900,96.54123058463588,91.40001988249126
101,900,97.26938950138177,91.40001988249126
101,900,99.25812693385336,91.40001988249126
101,1100,106.31277040795332,91.67682197557494
101,1100,104.9088893989464,91.67682197557494
101,1100,103.9232239619994,91.67682197557494
101,1100,104.33044747356728,91.67682197557494
101,1100,104.1784159693367,91.67682197557494
102,0,85.0,95.00013236271327
102,0,85.0,95.00013236271327
102,0,85.0,95.00013236271327
102,0,85.0,95.00013236271327
102,0,85.0,95.00013236271327
102,500,81.68210532758143,84.87721564131394
102,500,81.09609398078092,84.87721564131394
102,500,81.2740915874382,84.87721564131394
102,500,81.05559324908566,84.87721564131394
102,500,81.49477087264454,84.87721564131394
102,600,86.17266189897215,86.31991706427496
102,600,85.97031836179428,86.31991706427496
102,600,84.76586675540709,86.31991706427496
102,600,83.80604760058515,86.31991706427496
102,600,83.32252718772723,86.31991706427496
102,1200,83.75352911618882,85.39216676210997
102,1200,81.25307606825065,85.39216676210997
102,1200,79.3442731626106,85.39216676210997
102,1200,78.1517567603619,85.39216676210997
102,1200,77.40653079722351,85.39216676210997
103,200,81.15956608454387,79.0735092767797
103,200,79.41514680705545,79.0735092767797
103,200,77.92197110023334,79.0735092767797
103,200,77.39990054580556,79.0735092767797
103,200,77.70976626408564,79.0735092767797
103,300,83.22254328603869,79.53160241514104
103,300,84.98244913522299,79.53160241514104
103,300,85.24297095686842,79.53160241514104
103,300,84.60705813184961,79.53160241514104
103,300,83.64009705560032,79.53160241514104
103,800,93.27107633656752,79.42826491895377
103,800,92.81607109127624,79.42826491895377
103,800,92.47466511334176,79.42826491895377
103,800,92.50417906587774,79.42826491895377
103,800,92.64228304949674,79.42826491895377
103,1600,89.35935276824158,95.73485911596991
103,1600,91.80164687045207,95.73485911596991
103,1600,94.70809541739426,95.73485911596991
103,1600,97.10753030694408,95.73485911596991
103,1600,98.82752976789104,95.73485911596991
104,400,77.32349979929077,84.92577810655146
104,400,76.11751006072734,84.92577810655146
104,400,74.914998068954,84.92577810655146
104,400,73.72546589219725,84.92577810655146
104,400,73.25012684797312,84.92577810655146
104,600,83.27912988033742,78.56193596095072
104,600,87.06255009121926,78.56193596095072
104,600,89.03862465202035,78.56193596095072
104,600,91.17014885258364,78.56193596095072
104,600,91.73353686270777,78.56193596095072
104,1400,59.91408697202156,75.67238808127338
104,1400,60.96114489010402,75.67238808127338
104,1400,64.13839852997947,75.67238808127338
104,1400,68.22702143990695,75.67238808127338
104,1400,71.62973344856071,75.67238808127338
104,1600,91.53175592422484,93.37006335866268
104,1600,93.70965000561306,93.37006335866268
104,1600,93.51844839719467,93.37006335866268
104,1600,92.25650435711914,93.37006335866268
104,1600,90.51515779453956,93.37006335866268
105,700,68.50954351590309,73.91111438817042
105,700,69.86076528788645,73.91111438817042
105,700,72.16802915453395,73.91111438817042
105,700,75.03510073562721,73.91111438817042
105,700,77.29179098595789,73.91111438817042
105,1100,67.01663383777007,73.23459928407024
105,1100,64.94251390040179,73.23459928407024
105,1100,64.163315268306,73.23459928407024
105,1100,64.81748413420343,73.23459928407024
105,1100,63.97204219520866,73.23459928407024
105,1300,67.28511839457235,74.23939052911092
105,1300,65.77107676951232,74.23939052911092
105,1300,65.52953654189477,74.23939052911092
105,1300,66.87674236660983,74.23939052911092
105,1300,67.68735034228403,74.23939052911092
105,1600,80.61672200888266,80.04115630755437
105,1600,79.14746055664955,80.04115630755437
105,1600,78.87301197093286,80.04115630755437
105,1600,79.49150641759236,80.04115630755437
105,1600,81.2127916492941,80.04115630755437
106,0,73.0,90.96407465165325
106,0,73.0,90.96407465165325
106,0,73.0,90.96407465165325
106,0,73.0,90.96407465165325
106,0,73.0,90.96407465165325
106,700,87.96731884654982,87.00799662023194
106,700,85.50141676989469,87.00799662023194
106,700,84.77106698560509,87.00799662023194
106,700,85.6651193373131,87.00799662023194
106,700,86.3649709709795,87.00799662023194
106,800,85.28557312643373,83.07808371144519
106,800,86.1484450034765,83.07808371144519
106,800,86.45442731452711,83.07808371144519
106,800,85.41070744588778,83.07808371144519
106,800,84.19745758601597,83.07808371144519
106,1400,82.04438107354301,85.32936201166258
106,1400,82.26964690365317,85.32936201166258
106,1400,82.51640015040641,85.32936201166258
106,1400,82.76315339715966,85.32936201166258
106,1400,82.99947512511051,85.32936201166258
107,0,84.0,89.63912000260207
107,0,84.0,89.63912000260207
107,0,84.0,89.63912000260207
107,0,84.0,89.63912000260207
107,0,84.0,89.63912000260207
107,400,83.22528653640252,90.14437094904527
107,400,83.37169526768969,90.14437094904527
107,400,83.11168467843687,90.14437094904527
107,400,82.07513978574183,90.14437094904527
107,400,81.16664895454011,90.14437094904527
107,900,96.37619539979217,89.42549454639285
107,900,97.00157808535027,89.42549454639285
107,900,98.09700235866364,89.42549454639285
107,900,99.20340952728732,89.42549454639285
107,900,100.43443458936947,89.42549454639285
107,1000,87.43075326304415,90.95972950774389
107,1000,82.47141238311669,90.95972950774389
107,1000,80.48615467703188,90.95972950774389
107,1000,79.03602670694326,90.95972950774389
107,1000,78.11687336649213,90.95972950774389
108,400,87.60698396199709,72.63763243620932
108,400,84.45025237917385,72.63763243620932
108,400,81.38586305746269,72.63763243620932
108,400,78.31256742910905,72.63763243620932
108,400,76.86695561058077,72.63763243620932
108,600,78.90612785755248,72.71552316932373
108,600,78.06855632526018,72.71552316932373
108,600,77.67537867661679,72.71552316932373
108,600,78.20643102245414,72.71552316932373
108,600,78.23483847230028,72.71552316932373
108,700,86.190511737551,72.97834665755938
108,700,85.38306776063267,72.97834665755938
108,700,82.74615425464911,72.97834665755938
108,700,79.26138587534686,72.97834665755938
108,700,76.72763324815989,72.97834665755938
108,1400,66.90043440475901,72.89959745873992
108,1400,67.643707221223,72.89959745873992
108,1400,69.80178194904516,72.89959745873992
108,1400,71.65919269057365,72.89959745873992
108,1400,72.81014215481746,72.89959745873992
109,100,89.0,90.93094471088708
109,100,89.0,90.93094471088708
109,100,89.0,90.93094471088708
109,100,89.0,90.93094471088708
109,100,89.0,90.93094471088708
109,400,89.0,92.92705297353682
109,400,89.0,92.92705297353682
109,400,89.0,92.92705297353682
109,400,89.0,92.92705297353682
109,400,89.0,92.92705297353682
109,900,104.47136809918788,88.95010090392891
109,900,103.27902714204994,88.95010090392891
109,900,101.71315597352528,88.95010090392891
109,900,101.60517467874467,88.95010090392891
109,900,101.76092728288658,88.95010090392891
109,1200,84.4366917372782,88.3195928149684
109,1200,80.91085001400539,88.3195928149684
109,1200,79.67949766101259,88.3195928149684
109,1200,78.91155134857475,88.3195928149684
109,1200,79.16278760773795,88.3195928149684
110,500,75.84948564711071,76.82059281661377
110,500,75.60273240035747,76.82059281661377
110,500,75.35597915360422,76.82059281661377
110,500,75.10922590685097,76.82059281661377
110,500,75.0,76.82059281661377
110,1000,80.0302385865655,80.03971882097628
110,1000,79.5489864400971,80.03971882097628
110,1000,79.30201191613169,80.03971882097628
110,1000,79.05525866937843,80.03971882097628
110,1000,78.7953453972226,80.03971882097628
110,1400,78.54341530593443,79.52568249335549
110,1400,78.68850645255216,79.52568249335549
110,1400,79.21745680672156,79.52568249335549
110,1400,80.20150173735715,79.52568249335549
110,1400,81.34560929070709,79.52568249335549
110,1500,83.96850295150637,88.89187309829747
110,1500,83.5236444029457,88.89187309829747
110,1500,83.23518602156535,88.89187309829747
110,1500,82.74167952805887,88.89187309829747
110,1500,82.4647883718664,88.89187309829747
111,100,89.56327598538749,86.86300161248604
111,100,87.31494227529087,86.86300161248604
111,100,86.10855798494248,86.86300161248604
111,100,86.3837972451082,86.86300161248604
111,100,87.43256426683236,86.86300161248604
111,600,93.75002645761973,86.84782729833003
111,600,95.22485306975128,86.84782729833003
111,600,95.67386292585564,86.84782729833003
111,600,96.87111192864258,86.84782729833003
111,600,97.73020241064428,86.84782729833003
111,800,96.2315974017316,88.40476137774908
111,800,97.54829391050131,88.40476137774908
111,800,98.11784602553296,88.40476137774908
111,800,98.26037989137492,88.40476137774908
111,800,97.62702564037208,88.40476137774908
111,1200,82.41785435931827,87.18275196022189
111,1200,81.6092510729125,87.18275196022189
111,1200,82.14478661177995,87.18275196022189
111,1200,82.36827634526537,87.18275196022189
111,1200,82.63088962629244,87.18275196022189
112,400,81.32849906533312,76.27589173369802
112,400,79.86445122466975,76.27589173369802
112,400,79.13392729986282,76.27589173369802
112,400,78.02012967547297,76.27589173369802
112,400,77.30461964359532,76.27589173369802
112,900,74.00367107639065,76.91564508865224
112,900,74.0,76.91564508865224
112,900,74.75672980097981,76.91564508865224
112,900,75.79263314230617,76.91564508865224
112,900,77.3368179849732,76.91564508865224
112,1100,70.18467081883253,75.80015170200105
112,1100,69.31470053846186,75.80015170200105
112,1100,68.82025279420795,75.80015170200105
112,1100,68.86924922311461,75.80015170200105
112,1100,68.91615502555649,75.80015170200105
112,1300,75.24704319017142,76.21878933251257
112,1300,75.51836033404132,76.21878933251257
112,1300,75.56997768703478,76.21878933251257
112,1300,74.95744599924458,76.21878933251257
112,1300,74.12481876369162,76.21878933251257
113,800,67.12615458376996,84.66468350991643
113,800,66.81488978811157,84.66468350991643
113,800,67.24811897133335,84.66468350991643
113,800,67.41180530461398,84.66468350991643
113,800,68.02145825526415,84.66468350991643
113,900,81.21310997938181,71.12276463038825
113,900,79.95200243966404,71.12276463038825
113,900,78.06613454261384,71.12276463038825
113,900,75.11457754316784,71.12276463038825
113,900,72.48001253450072,71.12276463038825
113,1000,67.43978959347778,71.6055656955409
113,1000,64.35961877112781,71.6055656955409
113,1000,62.36420976238333,71.6055656955409
113,1000,61.57279879190189,71.6055656955409
113,1000,61.32657761904069,71.6055656955409
113,1500,74.75158455972051,78.84630299816794
113,1500,73.0113141908274,78.84630299816794
113,1500,73.15058746792022,78.84630299816794
113,1500,74.87349342370962,78.84630299816794
113,1500,77.21771343549092,78.84630299816794
114,600,71.21624100626143,78.70964389279115
114,600,74.44576733556144,78.70964389279115
114,600,80.05618907362867,78.70964389279115
114,600,87.97476535235648,78.70964389279115
114,600,96.54214285978507,78.70964389279115
114,900,81.11791739525734,78.67509140328691
114,900,75.91678071744514,78.67509140328691
114,900,71.88148421745795,78.67509140328691
114,900,69.02238992488745,78.67509140328691
114,900,67.19092253173069,78.67509140328691
114,1200,71.83681821926332,77.93870029546153
114,1200,70.02793764242362,77.93870029546153
114,1200,69.47559291150147,77.93870029546153
114,1200,71.80436603641097,77.93870029546153
114,1200,76.69498890406126,77.93870029546153
115,100,87.85605740134334,82.0669489179512
115,100,87.23573797708983,82.0669489179512
115,100,86.662957987228,82.0669489179512
115,100,85.9828548947454,82.0669489179512
115,100,85.22401183095329,82.0669489179512
115,500,80.1069561743633,82.12897886630981
115,500,80.81087642763741,82.12897886630981
115,500,81.87178923397377,82.12897886630981
115,500,83.03271218390039,82.12897886630981
115,500,83.76850463181736,82.12897886630981
115,1300,76.04040367213167,82.12451982589826
115,1300,73.58361378789463,82.12451982589826
115,1300,71.38134483547954,82.12451982589826
115,1300,70.27651724774084,82.12451982589826
115,1300,69.81858019085674,82.12451982589826
116,200,94.31772441575022,89.86781883816252
116,200,92.84412053756384,89.86781883816252
116,200,91.21447243834989,89.86781883816252
116,200,91.3929236802188,89.86781883816252
116,200,91.93385353748933,89.86781883816252
116,400,96.0773392353223,88.47673010957206
116,400,95.8942043750317,88.47673010957206
116,400,94.87177621957028,88.47673010957206
116,400,93.9189253503626,88.47673010957206
116,400,92.6915304382126,88.47673010957206
116,600,100.9620611657312,90.68567078901052
116,600,101.8887628538784,90.68567078901052
116,600,102.22538563905856,90.68567078901052
116,600,102.5855762566323,90.68567078901052
116,600,102.45360328108715,90.68567078901052
116,1200,80.44421103816012,89.11706015368016
116,1200,80.29734695318973,89.11706015368016
116,1200,80.65298771961427,89.11706015368016
116,1200,81.27531925424353,89.11706015368016
116,1200,81.33902682886495,89.11706015368016
117,200,90.49811468568582,86.52370235918019
117,200,90.13981208347138,86.52370235918019
117,200,90.46265937446,86.52370235918019
117,200,91.15012849254524,86.52370235918019
117,200,92.19073137370025,86.52370235918019
117,400,93.46755452483804,87.90462812125637
117,400,93.6411323588648,87.90462812125637
117,400,93.00329844982592,87.90462812125637
117,400,91.55290988926248,87.90462812125637
117,400,89.86774460681073,87.90462812125637
117,1400,83.48959423588522,92.4848990460134
117,1400,82.90722877019411,92.4848990460134
117,1400,83.96226462347683,92.4848990460134
117,1400,85.7458619596,92.4848990460134
117,1400,87.49087401277669,92.4848990460134
117,1500,90.3176398979121,94.12176221335221
117,1500,92.53740440818656,94.12176221335221
117,1500,94.61066991735846,94.12176221335221
117,1500,95.47026111656452,94.12176221335221
117,1500,95.20915141146936,94.12176221335221
118,300,77.75465269625445,76.89874295180664
118,300,79.57262241272699,76.89874295180664
118,300,80.76647584985345,76.89874295180664
118,300,80.79682821216005,76.89874295180664
118,300,78.7746145776856,76.89874295180664
118,400,75.92713027217512,75.36716048101974
118,400,75.2302235545534,75.36716048101974
118,400,76.40524863990355,75.36716048101974
118,400,77.32268365224202,75.36716048101974
118,400,78.25916215248438,75.36716048101974
118,1400,66.91372381866752,81.76945284251097
118,1400,66.71699059474004,81.76945284251097
118,1400,69.51009819208285,81.76945284251097
118,1400,73.9502372380459,81.76945284251097
118,1400,77.32244672094073,81.76945284251097
118,1600,94.40818369233764,88.16801153113313
118,1600,99.54745829879464,88.16801153113313
118,1600,104.07095812409472,88.16801153113313
118,1600,107.2724570794539,88.16801153113313
118,1600,110.0247881876958,88.16801153113313
119,400,98.0270702619034,87.80959680296553
119,400,95.6570013353835,87.80959680296553
119,400,93.6678915385044,87.80959680296553
119,400,93.11050330426217,87.80959680296553
119,400,92.55394734789309,87.80959680296553
119,700,95.81894264471076,86.43110804213286
119,700,96.77325111240536,86.43110804213286
119,700,96.7192262478205,86.43110804213286
119,700,95.59590919709308,86.43110804213286
119,700,93.0171103260734,86.43110804213286
119,800,87.7583826069273,87.28965616682368
119,800,87.32312773478934,87.28965616682368
119,800,87.40534283203922,87.28965616682368
119,800,87.99691567697057,87.28965616682368
119,800,89.32364301041608,87.28965616682368
119,1500,81.16266875343649,90.3273454872785
119,1500,81.40826449722309,90.3273454872785
119,1500,81.65501774397633,90.3273454872785
119,1500,81.90177099072957,90.3273454872785
119,1500,82.0,90.3273454872785
120,0,83.0,77.53651353769507
120,0,83.0,77.53651353769507
120,0,83.0,77.53651353769507
120,0,83.0,77.53651353769507
120,0,83.0,77.53651353769507
120,100,69.74459705724345,78.07478728401081
120,100,66.10472018687756,78.07478728401081
120,100,65.04447461103464,78.07478728401081
120,100,65.287853727093,78.07478728401081
120,100,65.97749340069758,78.07478728401081
120,500,76.2953250015969,77.58692807668908
120,500,73.11868953601622,77.58692807668908
120,500,69.37084899629865,77.58692807668908
120,500,67.13285736294536,77.58692807668908
120,500,66.75787856258871,77.58692807668908
120,1400,78.92397101900964,78.86072379365183
120,1400,78.06329430233349,78.86072379365183
120,1400,78.21304041585881,78.86072379365183
120,1400,79.04601128448816,78.86072379365183
120,1400,79.93184002825352,78.86072379365183
121,100,59.24140146387604,65.893842219531
121,100,55.92913160179601,65.893842219531
121,100,53.73539706638881,65.893842219531
121,100,52.911464836690335,65.893842219531
121,100,52.54694800046615,65.893842219531
121,300,62.946930230954,66.35130328296563
121,300,64.6234139766528,66.35130328296563
121,300,67.0516619413962,66.35130328296563
121,300,67.42509413591195,66.35130328296563
121,300,65.90523311070034,66.35130328296563
121,600,61.39672129494803,64.53646242828738
121,600,61.03565533233412,64.53646242828738
121,600,60.93951961488435,64.53646242828738
121,600,61.18044346338743,64.53646242828738
121,600,61.69358860156237,64.53646242828738
121,1300,48.52763575702519,65.57236524271018
121,1300,48.018821211604326,65.57236524271018
121,1300,48.69844488767318,65.57236524271018
121,1300,49.81944813872828,65.57236524271018
121,1300,50.40868771437442,65.57236524271018
122,500,69.60898894355387,66.20027543234497
122,500,70.01368814408634,66.20027543234497
122,500,68.49496918839294,66.20027543234497
122,500,66.55912291848814,66.20027543234497
122,500,65.64583245913188,66.20027543234497
122,600,65.02539179954694,66.16621839534972
122,600,65.56771384792411,66.16621839534972
122,600,65.60677118425245,66.16621839534972
122,600,66.46875836838892,66.16621839534972
122,600,67.71793580571294,66.16621839534972
122,1000,66.25234097835822,72.86911906052481
122,1000,64.03021921120681,72.86911906052481
122,1000,62.13892977578299,72.86911906052481
122,1000,61.17283331883418,72.86911906052481
122,1000,61.27000451397586,72.86911906052481
122,1700,97.68783743453749,71.0000371770237
122,1700,97.94985681075556,71.0000371770237
122,1700,98.46363949362848,71.0000371770237
122,1700,98.83056062537354,71.0000371770237
122,1700,99.32394139075176,71.0000371770237
123,0,79.0,92.78944018366704
123,0,79.0,92.78944018366704
123,0,79.0,92.78944018366704
123,0,79.0,92.78944018366704
123,0,79.0,92.78944018366704
123,700,91.13401813114876,89.78846551203554
123,700,90.45001324843534,89.78846551203554
123,700,89.03612710387159,89.78846551203554
123,700,87.64386039791685,89.78846551203554
123,700,86.6187391497872,89.78846551203554
123,800,91.15032350346124,89.59970353757267
123,800,90.31201178790172,89.59970353757267
123,800,89.92891987784084,89.59970353757267
123,800,89.6787395415368,89.59970353757267
123,800,90.99131261837948,89.59970353757267
123,1100,79.46408334542147,90.6065843923297
123,1100,76.76586079494261,90.6065843923297
123,1100,73.94033351914707,90.6065843923297
123,1100,72.80301622085241,90.6065843923297
123,1100,72.79322564550293,90.6065843923297
124,800,93.89492287412328,94.17901031878412
124,800,92.91928744832158,94.17901031878412
124,800,92.12448346976078,94.17901031878412
124,800,91.72918229082444,94.17901031878412
124,800,91.36220955023002,94.17901031878412
124,1100,80.79217991684422,90.95967423569007
124,1100,77.9036311040193,90.95967423569007
124,1100,75.6247030718502,90.95967423569007
124,1100,74.86540664738907,90.95967423569007
124,1100,74.60106471090606,90.95967423569007
124,1500,101.89530793516153,102.64703744622457
124,1500,102.63903284072876,102.64703744622457
124,1500,103.22712543826084,102.64703744622457
124,1500,103.62941211126584,102.64703744622457
124,1500,104.154662579169,102.64703744622457
124,1600,114.30719730712144,95.73858346730792
124,1600,118.88301105705986,95.73858346730792
124,1600,122.83939101768556,95.73858346730792
124,1600,126.0196212602402,95.73858346730792
124,1600,128.33396991845086,95.73858346730792
125,400,88.64032804088676,79.83342441964258
125,400,84.17309865394196,79.83342441964258
125,400,80.0279411227156,79.83342441964258
125,400,78.15832646791037,79.83342441964258
125,400,77.35918788373212,79.83342441964258
125,900,77.62038723730937,82.01656119317602
125,900,75.88167366940222,82.01656119317602
125,900,74.23085468155998,82.01656119317602
125,900,74.72006664544473,82.01656119317602
125,900,75.35550135657901,82.01656119317602
125,1100,69.73897693609852,76.90423606558525
125,1100,67.01683249205222,76.90423606558525
125,1100,63.84989209815021,76.90423606558525
125,1100,62.77321079592684,76.90423606558525
125,1100,62.573395997414856,76.90423606558525
125,1500,87.52434586652946,80.68822686710192
125,1500,88.12675713563894,80.68822686710192
125,1500,89.07325861257908,80.68822686710192
125,1500,89.2051629566011,80.68822686710192
125,1500,90.53667279652188,80.68822686710192
126,800,94.90240101793628,87.09871227409937
126,800,95.41221026218298,87.09871227409937
126,800,95.97601857742706,87.09871227409937
126,800,95.78771644340448,87.09871227409937
126,800,95.16774005807324,87.09871227409937
126,1200,80.27560188678753,86.45768463227621
126,1200,79.16971214405902,86.45768463227621
126,1200,78.67941718596917,86.45768463227621
126,1200,77.96202771384995,86.45768463227621
126,1200,77.19524522261186,86.45768463227621
126,1400,74.57708451655004,87.14259471066569
126,1400,74.8927475487515,87.14259471066569
126,1400,78.23231674450899,87.14259471066569
126,1400,81.89772936585022,87.14259471066569
126,1400,84.36603969618749,87.14259471066569
126,1600,99.41181553081,93.67075643831843
126,1600,104.93751410591652,93.67075643831843
126,1600,110.36621956288556,93.67075643831843
126,1600,115.31645216879906,93.67075643831843
126,1600,119.7605924134165,93.67075643831843
127,100,83.28406720656854,75.98845847410541
127,100,79.55255806084836,75.98845847410541
127,100,76.75907605860657,75.98845847410541
127,100,75.07665729625917,75.98845847410541
127,100,74.118877467655,75.98845847410541
127,600,74.97744086181181,75.53700945654543
127,600,74.54998450774652,75.53700945654543
127,600,75.77888909149996,75.53700945654543
127,600,76.27298424563882,75.53700945654543
127,600,76.76588772385668,75.53700945654543
127,900,78.00234488732198,75.69848214321436
127,900,76.5586192907193,75.69848214321436
127,900,76.8356536611334,75.69848214321436
127,900,77.47565642683021,75.69848214321436
127,900,77.92777577416722,75.69848214321436
127,1400,66.01091661907378,75.623745993126
127,1400,63.0225934239177,75.623745993126
127,1400,62.30416601973695,75.623745993126
127,1400,62.81050127512449,75.623745993126
127,1400,63.07470088913327,75.623745993126
155,200,87.18883687180359,83.67869586573374
155,200,85.56233886929301,83.67869586573374
155,200,84.10504494497786,83.67869586573374
155,200,82.71406545370688,83.67869586573374
155,200,82.69617928777423,83.67869586573374
155,600,91.47626058157388,83.30755092113763
155,600,88.27140351188132,83.30755092113763
155,600,86.9848783986393,83.30755092113763
155,600,87.41729606591262,83.30755092113763
155,600,86.94210447480668,83.30755092113763
155,900,91.85961274575476,83.65275066246025
155,900,90.858125206712,83.65275066246025
155,900,90.47015498107646,83.65275066246025
155,900,90.04586491543493,83.65275066246025
155,900,90.47699493350405,83.65275066246025
155,1200,74.10844654851145,83.29979151183247
155,1200,72.20619531008072,83.29979151183247
155,1200,72.47221942897482,83.29979151183247
155,1200,72.39964009879472,83.29979151183247
155,1200,71.84276621372669,83.29979151183247
